Workbook
Name M: intro.dat!$H$39

Sheet poll_iss_ag (1)
B1: species_code | C1: sex | D1: sex_desc | E1: iss | F1: nss | G1: nhls | H1: Last year | M1: Last year | N1: This year | P1: year | Q1: age_iss
A2: 1982 | B2: 21740 | C2: 4 | D2: total_post | E2: 162.03932 | F2: 1500 | G2: 81 | H2: 77.141593 | I2: 162.03932 | K2: 105 | L2: 77.141593 | M2: 213.66323 | N2: 162.03932 | P2: 1982 | Q2: 213.66323
A3: 1983 | B3: 21740 | C3: 4 | D3: total_post | E3: 130.70066 | F3: 1931 | G3: 95 | H3: 23.712741 | I3: 130.70066 | K3: 126 | L3: 23.712741 | M3: 65.678457 | N3: 130.70066 | P3: 1983 | Q3: 65.678457
A4: 1984 | B4: 21740 | C4: 4 | D4: total_post | E4: 63.273125 | F4: 1806 | G4: 116 | H4: 111.97117 | I4: 63.273125 | K4: 118 | L4: 111.97117 | M4: 310.13259 | N4: 63.273125 | P4: 1984 | Q4: 310.13259
A5: 1985 | B5: 21740 | C5: 4 | D5: total_post | E5: 73.535708 | F5: 1890 | G5: 81 | H5: 30.772516 | I5: 73.535708 | K5: 125 | L5: 30.772516 | M5: 85.232299 | N5: 73.535708 | P5: 1985 | Q5: 85.232299
A6: 1986 | B6: 21740 | C6: 4 | D6: total_post | E6: 151.94817 | F6: 1344 | G6: 45 | H6: 72.783656 | I6: 151.94817 | K6: 88 | L6: 72.783656 | M6: 201.59282 | N6: 151.94817 | P6: 1986 | Q6: 201.59282
A7: 1987 | B7: 21740 | C7: 4 | D7: total_post | E7: 61.2147 | F7: 1547 | G7: 34 | H7: 70.687438 | I7: 61.2147 | K7: 105 | L7: 70.687438 | M7: 195.78681 | N7: 61.2147 | P7: 1987 | Q7: 195.78681
A8: 1988 | B8: 21740 | C8: 4 | D8: total_post | E8: 82.232544 | F8: 1173 | G8: 26 | H8: 61.966137 | I8: 82.232544 | K8: 76 | L8: 61.966137 | M8: 171.63095 | N8: 82.232544 | P8: 1988 | Q8: 171.63095
A9: 1989 | B9: 21740 | C9: 4 | D9: total_post | E9: 53.19137 | F9: 1227 | G9: 38 | H9: 95.43097 | I9: 53.19137 | K9: 80 | L9: 95.43097 | M9: 264.32031 | N9: 53.19137 | P9: 1989 | Q9: 264.32031
A10: 1990 | B10: 21740 | C10: 4 | D10: total_post | E10: 48.266322 | F10: 1257 | G10: 46 | H10: 82.804945 | I10: 48.266322 | K10: 82 | L10: 82.804945 | M10: 229.34932 | N10: 48.266322 | P10: 1990 | Q10: 229.34932
A11: 1991 | B11: 21740 | C11: 4 | D11: total_post | E11: 79.424272 | F11: 1063 | G11: 46 | H11: 65.196175 | I11: 79.424272 | K11: 71 | L11: 65.196175 | M11: 180.57736 | N11: 79.424272 | P11: 1991 | Q11: 180.57736
A12: 1992 | B12: 21740 | C12: 4 | D12: total_post | E12: 85.220464 | F12: 1263 | G12: 30 | H12: 40.844997 | I12: 85.220464 | K12: 82 | L12: 40.844997 | M12: 113.13059 | N12: 85.220464 | P12: 1992 | Q12: 113.13059
A13: 1993 | B13: 21740 | C13: 4 | D13: total_post | E13: 91.983614 | F13: 1385 | G13: 33 | H13: 43.043603 | I13: 91.983614 | K13: 90 | L13: 43.043603 | M13: 119.22019 | N13: 91.983614 | P13: 1993 | Q13: 119.22019
... A41: 2022 | B41: 21740 | C41: 4 | D41: total_post | E41: 172.8341 | F41: 1980 | G41: 448 | H41: 163.39779 | I41: 172.8341 | K41: 100 | L41: 163.39779 | M41: 452.57169 | N41: 172.8341 | P41: 2022 | Q41: 452.57169
A42: 2023 | B42: 21740 | C42: 4 | D42: total_post | E42: 126.77731 | F42: 1677 | G42: 347 | H42: 147.67417 | I42: 126.77731 | K42: 100 | L42: 147.67417 | N42: 126.77731
A43: 2024 | B43: 21740 | C43: 4 | D43: total_post | E43: 64.214082 | F43: 1526 | G43: 325 | H43: 150 | I43: 64.214082 | N43: 64.214082

Sheet pm_25.dat
B1: #styr
B2: 1964
B3: #styr_bts
B4: 1982
B5: #styr_ats
B6: 1994
B7: #endyr
B8: 2025
B9: #recage
B10: 1
B11: #nages
B12: 15
B13: #p_mature
B14: 0 | C14: 0.008 | D14: 0.289 | E14: 0.641 | F14: 0.842 | G14: 0.901 | H14: 0.947 | I14: 0.963 | J14: 0.97 | K14: 1 | L14: 1 | M14: 1 | N14: 1 | O14: 1 | P14: 1
B15: #ew_ind
B16: 8 | C16: 7 | D16: 2 | E16: 9 | F16: 7 | G16: 7 | H16: 7 | I16: 7 | J16: 8 | K16: 6 | L16: 5 | M16: 7 | N16: 8 | O16: 8 | P16: 7 | Q16: 5 | R16: 4 | S16: 6 | T16: 7 | U16: 8 | V16: 3 | W16: 7 | X16: 7 | Y16: 7 | Z16: 7 | AA16: 8 | AB16: 4 | AC16: 6 | AD16: 2 | AE16: 1 | AF16: 6 | AG16: 6 | AH16: 4 | AI16: 4 | AJ16: 10 | AK16: 4 | AL16: 4 | AM16: 4 | AN16: 4 | AO16: 4 | AP16: 4 | AQ16: 4 | AR16: 4 | AS16: 4 | AT16: 4 | AU16: 4 | AV16: 4 | AW16: 4 | AX16: 4 | AY16: 4 | AZ16: 4 | BA16: 4 | BB16: 4 | BC16: 4 | BD16: 4 | BE16: 4 | BF16: 4 | BG16: 4 | BH16: 4 | BI16: 4 | BJ16: 4
B17: 5 | C17: 6 | D17: 6 | E17: 8 | F17: 5 | G17: 8 | H17: 5 | I17: 4 | J17: 8 | K17: 4 | L17: 5 | M17: 5 | N17: 6 | O17: 5 | P17: 8 | Q17: 11 | R17: 6 | S17: 7 | T17: 9 | U17: 10 | V17: 4 | W17: 4 | X17: 6 | Y17: 5 | Z17: 7 | AA17: 9 | AB17: 5 | AC17: 7 | AD17: 3 | AE17: 5 | AF17: 3 | AG17: 5 | AH17: 4 | AI17: 6 | AJ17: 11 | AK17: 4 | AL17: 4 | AM17: 4 | AN17: 4 | AO17: 4 | AP17: 4 | AQ17: 4 | AR17: 4 | AS17: 4 | AT17: 4 | AU17: 4 | AV17: 4 | AW17: 4 | AX17: 4 | AY17: 4 | AZ17: 4 | BA17: 4 | BB17: 4 | BC17: 4 | BD17: 4 | BE17: 4 | BF17: 4 | BG17: 4 | BH17: 4 | BI17: 4 | BJ17: 4
B18: #wt_fsh
A19: 1964 | B19: 0.0066 | C19: 0.17 | D19: 0.303 | E19: 0.447 | F19: 0.589 | G19: 0.722 | H19: 0.84 | I19: 0.942 | J19: 1.029 | K19: 1.102 | L19: 1.163 | M19: 1.212 | N19: 1.253 | O19: 1.286 | P19: 1.312
A20: =A19+1 -> 1965 | B20: 0.0066 | C20: 0.17 | D20: 0.303 | E20: 0.447 | F20: 0.589 | G20: 0.722 | H20: 0.84 | I20: 0.942 | J20: 1.029 | K20: 1.102 | L20: 1.163 | M20: 1.212 | N20: 1.253 | O20: 1.286 | P20: 1.312
A21: =A20+1 -> 1966 | B21: 0.0066 | C21: 0.17 | D21: 0.303 | E21: 0.447 | F21: 0.589 | G21: 0.722 | H21: 0.84 | I21: 0.942 | J21: 1.029 | K21: 1.102 | L21: 1.163 | M21: 1.212 | N21: 1.253 | O21: 1.286 | P21: 1.312
A22: =A21+1 -> 1967 | B22: 0.0066 | C22: 0.17 | D22: 0.303 | E22: 0.447 | F22: 0.589 | G22: 0.722 | H22: 0.84 | I22: 0.942 | J22: 1.029 | K22: 1.102 | L22: 1.163 | M22: 1.212 | N22: 1.253 | O22: 1.286 | P22: 1.312
A23: =A22+1 -> 1968 | B23: 0.0066 | C23: 0.17 | D23: 0.303 | E23: 0.447 | F23: 0.589 | G23: 0.722 | H23: 0.84 | I23: 0.942 | J23: 1.029 | K23: 1.102 | L23: 1.163 | M23: 1.212 | N23: 1.253 | O23: 1.286 | P23: 1.312
A24: =A23+1 -> 1969 | B24: 0.0066 | C24: 0.17 | D24: 0.303 | E24: 0.447 | F24: 0.589 | G24: 0.722 | H24: 0.84 | I24: 0.942 | J24: 1.029 | K24: 1.102 | L24: 1.163 | M24: 1.212 | N24: 1.253 | O24: 1.286 | P24: 1.312
A25: =A24+1 -> 1970 | B25: 0.0066 | C25: 0.17 | D25: 0.303 | E25: 0.447 | F25: 0.589 | G25: 0.722 | H25: 0.84 | I25: 0.942 | J25: 1.029 | K25: 1.102 | L25: 1.163 | M25: 1.212 | N25: 1.253 | O25: 1.286 | P25: 1.312
A26: =A25+1 -> 1971 | B26: 0.0066 | C26: 0.17 | D26: 0.303 | E26: 0.447 | F26: 0.589 | G26: 0.722 | H26: 0.84 | I26: 0.942 | J26: 1.029 | K26: 1.102 | L26: 1.163 | M26: 1.212 | N26: 1.253 | O26: 1.286 | P26: 1.312
A27: =A26+1 -> 1972 | B27: 0.0066 | C27: 0.17 | D27: 0.303 | E27: 0.447 | F27: 0.589 | G27: 0.722 | H27: 0.84 | I27: 0.942 | J27: 1.029 | K27: 1.102 | L27: 1.163 | M27: 1.212 | N27: 1.253 | O27: 1.286 | P27: 1.312
A28: =A27+1 -> 1973 | B28: 0.0066 | C28: 0.17 | D28: 0.303 | E28: 0.447 | F28: 0.589 | G28: 0.722 | H28: 0.84 | I28: 0.942 | J28: 1.029 | K28: 1.102 | L28: 1.163 | M28: 1.212 | N28: 1.253 | O28: 1.286 | P28: 1.312
A29: =A28+1 -> 1974 | B29: 0.0066 | C29: 0.17 | D29: 0.303 | E29: 0.447 | F29: 0.589 | G29: 0.722 | H29: 0.84 | I29: 0.942 | J29: 1.029 | K29: 1.102 | L29: 1.163 | M29: 1.212 | N29: 1.253 | O29: 1.286 | P29: 1.312
A30: =A29+1 -> 1975 | B30: 0.0066 | C30: 0.17 | D30: 0.303 | E30: 0.447 | F30: 0.589 | G30: 0.722 | H30: 0.84 | I30: 0.942 | J30: 1.029 | K30: 1.102 | L30: 1.163 | M30: 1.212 | N30: 1.253 | O30: 1.286 | P30: 1.312
A31: =A30+1 -> 1976 | B31: 0.0066 | C31: 0.17 | D31: 0.303 | E31: 0.447 | F31: 0.589 | G31: 0.722 | H31: 0.84 | I31: 0.942 | J31: 1.029 | K31: 1.102 | L31: 1.163 | M31: 1.212 | N31: 1.253 | O31: 1.286 | P31: 1.312
... A79: =A78+1 -> 2024 | B79: 0.025182262 | C79: 0.18622176 | D79: 0.401336 | E79: 0.667373 | F79: 0.662504 | G79: 0.719546 | H79: 0.790729 | I79: 0.905068 | J79: 1.009136 | K79: 1.061077 | L79: 1.138288 | M79: 1.257056 | N79: 1.267343 | O79: 1.289913 | P79: 1.368254
B81: #wt_ssb
A82: 1964 | B82: 0.084881666 | C82: 0.19586813 | D82: 0.31376279 | E82: 0.45929554 | F82: 0.5886236 | G82: 0.69781833 | H82: 0.79679874 | I82: 0.91486126 | J82: 1.056957 | K82: 1.1472315 | L82: 1.2901065 | M82: 1.3879179 | N82: 1.4316668 | O82: 1.4070027 | P82: 1.5228669
A83: =A82+1 -> 1965 | B83: 0.084881666 | C83: 0.19586813 | D83: 0.31376279 | E83: 0.45929554 | F83: 0.5886236 | G83: 0.69781833 | H83: 0.79679874 | I83: 0.91486126 | J83: 1.056957 | K83: 1.1472315 | L83: 1.2901065 | M83: 1.3879179 | N83: 1.4316668 | O83: 1.4070027 | P83: 1.5228669
A84: =A83+1 -> 1966 | B84: 0.084881666 | C84: 0.19586813 | D84: 0.31376279 | E84: 0.45929554 | F84: 0.5886236 | G84: 0.69781833 | H84: 0.79679874 | I84: 0.91486126 | J84: 1.056957 | K84: 1.1472315 | L84: 1.2901065 | M84: 1.3879179 | N84: 1.4316668 | O84: 1.4070027 | P84: 1.5228669
A85: =A84+1 -> 1967 | B85: 0.084881666 | C85: 0.19586813 | D85: 0.31376279 | E85: 0.45929554 | F85: 0.5886236 | G85: 0.69781833 | H85: 0.79679874 | I85: 0.91486126 | J85: 1.056957 | K85: 1.1472315 | L85: 1.2901065 | M85: 1.3879179 | N85: 1.4316668 | O85: 1.4070027 | P85: 1.5228669
A86: =A85+1 -> 1968 | B86: 0.084881666 | C86: 0.19586813 | D86: 0.31376279 | E86: 0.45929554 | F86: 0.5886236 | G86: 0.69781833 | H86: 0.79679874 | I86: 0.91486126 | J86: 1.056957 | K86: 1.1472315 | L86: 1.2901065 | M86: 1.3879179 | N86: 1.4316668 | O86: 1.4070027 | P86: 1.5228669
A87: =A86+1 -> 1969 | B87: 0.084881666 | C87: 0.19586813 | D87: 0.31376279 | E87: 0.45929554 | F87: 0.5886236 | G87: 0.69781833 | H87: 0.79679874 | I87: 0.91486126 | J87: 1.056957 | K87: 1.1472315 | L87: 1.2901065 | M87: 1.3879179 | N87: 1.4316668 | O87: 1.4070027 | P87: 1.5228669
A88: =A87+1 -> 1970 | B88: 0.084881666 | C88: 0.19586813 | D88: 0.311072 | E88: 0.427458 | F88: 0.55009 | G88: 0.674562 | H88: 0.797415 | I88: 0.916081 | J88: 1.028772 | K88: 1.134344 | L88: 1.232157 | M88: 1.321963 | N88: 1.403799 | O88: 1.477905 | P88: 1.544656
A89: =A88+1 -> 1971 | B89: 0.084881666 | C89: 0.19586813 | D89: 0.307228 | E89: 0.452313 | F89: 0.576279 | G89: 0.701144 | H89: 0.82365 | I89: 0.941422 | J89: 1.052838 | K89: 1.156889 | L89: 1.253046 | M89: 1.341142 | N89: 1.421276 | O89: 1.49373 | P89: 1.558912
A90: =A89+1 -> 1972 | B90: 0.084881666 | C90: 0.19586813 | D90: 0.321568 | E90: 0.433307 | F90: 0.585158 | G90: 0.711117 | H90: 0.834228 | I90: 0.952199 | J90: 1.063499 | K90: 1.167202 | L90: 1.262849 | M90: 1.350331 | N90: 1.429793 | O90: 1.501553 | P90: 1.566041
A91: =A90+1 -> 1973 | B91: 0.084881666 | C91: 0.19586813 | D91: 0.313585 | E91: 0.464989 | F91: 0.584425 | G91: 0.738544 | H91: 0.862507 | I91: 0.980459 | J91: 1.091068 | K91: 1.193594 | L91: 1.287737 | M91: 1.373516 | N91: 1.451177 | O91: 1.521113 | P91: 1.58381
A92: =A91+1 -> 1974 | B92: 0.084881666 | C92: 0.19586813 | D92: 0.329852 | E92: 0.457189 | F92: 0.6163 | G92: 0.738007 | H92: 0.890127 | I92: 1.008925 | J92: 1.119505 | K92: 1.221329 | L92: 1.314283 | M92: 1.398545 | N92: 1.47449 | O92: 1.542613 | P92: 1.603475
A93: =A92+1 -> 1975 | B93: 0.084881666 | C93: 0.19586813 | D93: 0.298991 | E93: 0.579313 | F93: 0.720039 | G93: 0.883094 | H93: 1.001329 | I93: 1.144476 | J93: 1.250469 | K93: 1.345787 | L93: 1.430982 | M93: 1.506773 | N93: 1.573952 | O93: 1.633328 | P93: 1.685689
A94: =A93+1 -> 1976 | B94: 0.084881666 | C94: 0.19586813 | D94: 0.332728 | E94: 0.441983 | F94: 0.729979 | G94: 0.872966 | H94: 1.034031 | I94: 1.147123 | J94: 1.28293 | K94: 1.380174 | L94: 1.465961 | M94: 1.541319 | N94: 1.607317 | O94: 1.664999 | P94: 1.71534
... A142: =A141+1 -> 2024 | B142: 0.084881666 | C142: 0.19586813 | D142: 0.321552 | E142: 0.533944 | F142: 0.620779 | G142: 0.7071 | H142: 0.822196 | I142: 0.945909 | J142: 1.051203 | K142: 1.113381 | L142: 1.178451 | M142: 1.290019 | N142: 1.331542 | O142: 1.366739 | P142: 1.415238
A143: =A142+1 -> 2025
B144: #obs_catch | C144: 1965 | D144: 1966 | E144: 1967 | F144: 1968 | G144: 1969 | H144: 1970 | I144: 1971 | J144: 1972 | K144: 1973 | L144: 1974 | M144: 1975 | N144: 1976 | O144: 1977 | P144: 1978 | Q144: 1979 | R144: 1980 | S144: 1981 | T144: 1982 | U144: 1983 | V144: 1984 | W144: 1985 | X144: 1986 | Y144: 1987 | Z144: 1988 | AA144: 1989 | AB144: 1990 | AC144: 1991 | AD144: 1992 | AE144: 1993 | AF144: 1994 | AG144: 1995 | AH144: 1996 | AI144: 1997 | AJ144: 1998 | AK144: 1999 | AL144: 2000 | AM144: 2001 | AN144: 2002 | AO144: 2003 | AP144: 2004 | AQ144: 2005 | AR144: 2006 | AS144: 2007 | AT144: 2008 | AU144: 2009 | AV144: 2010 | AW144: 2011 | AX144: 2012 | AY144: 2013 | AZ144: 2014 | BA144: 2015 | BB144: 2016 | BC144: 2017 | BD144: 2018 | BE144: 2019 | BF144: 2020 | BG144: 2021 | BH144: 2022 | BI144: 2023 | BJ144: 2024 | BK144: 2025
B145: 174.792 | C145: 230.551 | D145: 261.678 | E145: 550.362 | F145: 702.181 | G145: 862.789 | H145: 1256.565 | I145: 1743.763 | J145: 1874.534 | K145: 1758.919 | L145: 1588.39 | M145: 1356.736 | N145: 1177.822 | O145: 978.37 | P145: 979.431 | Q145: 935.714 | R145: 958.28 | S145: 973.502 | T145: 955.964 | U145: 981.45 | V145: 1092.055 | W145: 1139.676 | X145: 1141.993 | Y145: 859.416 | Z145: 1228.721 | AA145: 1229.6 | AB145: 1455.193 | AC145: 1195.6639 | AD145: 1390.3092 | AE145: 1326.609 | AF145: 1329.3517 | AG145: 1264.2469 | AH145: 1192.7811 | AI145: 1124.4331 | AJ145: 1102.1591 | AK145: 989.68031 | AL145: 1132.7098 | AM145: 1387.197 | AN145: 1480.7761 | AO145: 1490.7792 | AP145: 1480.5517 | AQ145: 1483.0218 | AR145: 1488.031 | AS145: 1354.5018 | AT145: 990.57807 | AU145: 810.78435 | AV145: 810.18576 | AW145: 1199.0311 | AX145: 1205.2144 | AY145: 1270.7604 | AZ145: 1297.4172 | BA145: 1321.5737 | BB145: 1352.6811 | BC145: 1359.1807 | BD145: 1379.2878 | BE145: 1409.3464 | BF145: 1367.2358 | BG145: 1376.2577 | BH145: 1105.4185 | BI145: 1310.592 | BJ145: 1311.2607 | BK145: 1326.1922
B147: #obs_effort
B148: 0.56385 | C148: 0.38425 | D148: 0.35362 | E148: 0.67946 | F148: 0.62695 | G148: 0.60335 | H148: 1.03848 | I148: 1.55693 | J148: 1.5365 | K148: 1.72443 | L148: 1.57266 | M148: 1.49092 | N148: 1.28024 | O148: 1.5269467 | P148: 1.5219494 | Q148: 1.5195244 | R148: 1.4853734 | S148: 1.4853734 | T148: 1.4853734 | U148: 1.4853734 | V148: 1.4853734 | W148: 1.4853734 | X148: 1.4853734 | Y148: 1.4853734 | Z148: 1.4853734 | AA148: 1.4853734 | AB148: 1.4853734 | AC148: 1.4853734 | AD148: 1.4853734 | AE148: 1.4853734 | AF148: 1.4853734 | AG148: 1.4853734 | AH148: 1.4853734 | AI148: 1.4853734 | AJ148: 1.4853734 | AK148: 1.4853734 | AL148: 1.4853734 | AM148: 1.4853734 | AN148: 1.4853734 | AO148: 1.5 | AP148: 1.5 | AQ148: 1.5 | AR148: 1.5 | AS148: 1.5 | AT148: 1.5 | AU148: 1.5 | AV148: 1.5 | AW148: 1.5 | AX148: 1.5 | AY148: 1.5 | AZ148: 1.5 | BA148: 1.5 | BB148: 1.5 | BC148: 1.5 | BD148: 1.5 | BE148: 1.5 | BF148: 1.5 | BG148: 1.5 | BH148: 1.5 | BI148: 1.4 | BJ148: 1.4 | BK148: 1.4
B149: #n_cpue
B150: 12
B151: #yrs_cpue
B152: 1965 | C152: 1966 | D152: 1967 | E152: 1968 | F152: 1969 | G152: 1970 | H152: 1971 | I152: 1972 | J152: 1973 | K152: 1974 | L152: 1975 | M152: 1976
B153: #obs_cpue
B154: 2816.4374 | C154: 3473.5805 | D154: 3802.1699 | E154: 5257.3046 | F154: 6712.4684 | G154: 5679.8098 | H154: 5257.3313 | I154: 5726.7435 | J154: 4787.9239 | K154: 4740.9926 | L154: 4271.5745 | M154: 4318.5231
B155: #obs_cpue_std
B156: 563.28749 | C156: 694.71609 | D156: 760.43398 | E156: 1051.4609 | F156: 1342.4937 | G156: 1135.962 | H156: 1051.4663 | I156: 1145.3487 | J156: 957.58479 | K156: 948.19852 | L156: 854.31489 | M156: 863.70461
B157: #n_avo
B158: 19
B159: #yrs_avo
B160: 2006 | C160: 2007 | D160: 2008 | E160: 2009 | F160: 2010 | G160: 2011 | H160: 2012 | I160: 2013 | J160: 2014 | K160: 2015 | L160: 2016 | M160: 2017 | N160: 2018 | O160: 2019 | P160: 2021 | Q160: 2022 | R160: 2023 | S160: 2024 | T160: 2025
B161: #ob_avo
B162: 1.7414761 | C162: 2.0019131 | D162: 0.99154315 | E162: 0.6951 | F162: 1.9218 | G162: 1.7038226 | H162: 1.5206 | I162: 2.1776296 | J162: 3.0769 | K162: 3.5927 | L162: 2.8319 | M162: 2.263 | N162: 2.0841 | O162: 2.8292 | P162: 2.4101 | Q162: 2.9031 | R162: 2.481 | S162: 2.0070096
B163: #ob_avo_std
B164: 0.40797433 | C164: 0.79543824 | D164: 0.29286518 | E164: 0.39009569 | F164: 0.57919325 | G164: 0.44767778 | H164: 0.37193845 | I164: 0.39011599 | J164: 0.58024587 | K164: 0.40625739 | L164: 0.37909275 | M164: 0.31738924 | N164: 0.2549605 | O164: 0.63539506 | P164: 0.52992878 | Q164: 0.45478032 | R164: 0.33534919 | S164: 0.25081446
B165: #wt_avo
A166: 2006 | B166: 0.019380752 | C166: 0.10145982 | D166: 0.24414475 | E166: 0.37814567 | F166: 0.52699223 | G166: 0.65206661 | H166: 0.76360385 | I166: 0.84666802 | J166: 0.93351983 | K166: 0.97143749 | L166: 1.0011509 | M166: 1.1495347 | N166: 1.2116872 | O166: 1.2810498 | P166: 1.1799178
A167: 2007 | B167: 0.018495649 | C167: 0.087193364 | D167: 0.27924741 | E167: 0.43718783 | F167: 0.5824888 | G167: 0.6866324 | H167: 0.78823632 | I167: 0.87099973 | J167: 0.97010019 | K167: 1.1027085 | L167: 1.1056715 | M167: 1.2369484 | N167: 1.2354868 | O167: 1.7494603 | P167: 1.2306266
A168: 2008 | B168: 0.022553568 | C168: 0.083533376 | D168: 0.21397106 | E168: 0.40660791 | F168: 0.57580061 | G168: 0.68906324 | H168: 0.80522349 | I168: 0.98197085 | J168: 0.96832022 | K168: 1.2625576 | L168: 1.2472124 | M168: 1.246649 | N168: 1.3897058 | O168: 1.6380327 | P168: 1.2469683
A169: 2009 | B169: 0.020319991 | C169: 0.10850146 | D169: 0.24195862 | E169: 0.4164507 | F169: 0.64661925 | G169: 0.78533266 | H169: 0.95014345 | I169: 1.0306216 | J169: 1.0640246 | K169: 1.3283555 | L169: 1.3265419 | M169: 1.5470371 | N169: 1.5565859 | O169: 1.5368162 | P169: 1.743716
A170: 2010 | B170: 0.031689084 | C170: 0.11734315 | D170: 0.22125759 | E170: 0.44114834 | F170: 0.56523318 | G170: 0.72191307 | H170: 0.93679944 | I170: 1.3365649 | J170: 1.5744842 | K170: 1.6224372 | L170: 1.6925292 | M170: 1.8953568 | N170: 1.9269976 | O170: 1.9414515 | P170: 1.9617744
A171: 2011 | B171: 0.029375575 | C171: 0.1066314 | D171: 0.20897274 | E171: 0.40841346 | F171: 0.54885838 | G171: 0.7058609 | H171: 0.88746962 | I171: 1.132474 | J171: 1.4220403 | K171: 1.4447743 | L171: 1.5104186 | M171: 1.6415488 | N171: 1.6941675 | O171: 1.8530975 | P171: 1.8597176
A172: 2012 | B172: 0.027062065 | C172: 0.095919642 | D172: 0.19668789 | E172: 0.37567858 | F172: 0.53248357 | G172: 0.68980873 | H172: 0.8381398 | I172: 0.92838322 | J172: 1.2695964 | K172: 1.2671114 | L172: 1.3283081 | M172: 1.3877408 | N172: 1.4613373 | O172: 1.7647434 | P172: 1.7576609
A173: 2013 | B173: 0.029375575 | C173: 0.1066314 | D173: 0.20897274 | E173: 0.40841346 | F173: 0.54885838 | G173: 0.7058609 | H173: 0.88746962 | I173: 1.132474 | J173: 1.4220403 | K173: 1.4447743 | L173: 1.5104186 | M173: 1.6415488 | N173: 1.6941675 | O173: 1.8530975 | P173: 1.8597176
A174: 2014 | B174: 0.025225422 | C174: 0.13456104 | D174: 0.22362502 | E174: 0.39429725 | F174: 0.54727595 | G174: 0.69453373 | H174: 0.76282846 | I174: 0.99709786 | J174: 1.1420141 | K174: 1.2663643 | L174: 1.4441065 | M174: 1.7110011 | N174: 1.9030163 | O174: 1.7945568 | P174: 1.7766869
A175: 2015 | B175: 0.022663922 | C175: 0.076370721 | D175: 0.20628749 | E175: 0.38888217 | F175: 0.57437084 | G175: 0.62703836 | H175: 0.80576405 | I175: 0.94094099 | J175: 1.0459384 | K175: 1.0655101 | L175: 1.305556 | M175: 1.6099145 | N175: 1.4115746 | O175: 1.611457 | P175: 2.2200154
A176: 2016 | B176: 0.033300215 | C176: 0.10991502 | D176: 0.26589982 | E176: 0.48098001 | F176: 0.53885808 | G176: 0.63233835 | H176: 0.69664413 | I176: 0.78559349 | J176: 0.84670904 | K176: 0.96047921 | L176: 1.1667735 | M176: 1.3694739 | N176: 1.6232019 | O176: 1.6847912 | P176: 1.738218
A177: 2017 | B177: 0.021695848 | C177: 0.098126926 | D177: 0.19830637 | E177: 0.39827525 | F177: 0.52798779 | G177: 0.59520439 | H177: 0.6859676 | I177: 0.73654038 | J177: 0.81809529 | K177: 0.81914845 | L177: 0.94734699 | M177: 0.8157862 | N177: 1.1828316 | O177: 1.3194748 | P177: 1.5784266
... A184: 2025 | B184: 0.016258697 | C184: 0.086594742 | D184: 0.30182416 | E184: 0.42924925 | F184: 0.50915456 | G184: 0.54300278 | H184: 0.62247716 | I184: 0.73992142 | J184: 0.8485492 | K184: 0.89023342 | L184: 0.96316923 | M184: 1.0248896 | N184: 1.1394466 | O184: 0.97998986 | P184: 2.4030599
B185: #ngears
B186: 3
B187: #minind
B188: 1 | C188: 1 | D188: 1
B189: #n_fsh
B190: 61
B191: #n_bts
B192: 43
B193: #n_ats
B194: 19
B195: #yrs_fsh_data
B196: 1964 | C196: 1965 | D196: 1966 | E196: 1967 | F196: 1968 | G196: 1969 | H196: 1970 | I196: 1971 | J196: 1972 | K196: 1973 | L196: 1974 | M196: 1975 | N196: 1976 | O196: 1977 | P196: 1978 | Q196: 1979 | R196: 1980 | S196: 1981 | T196: 1982 | U196: 1983 | V196: 1984 | W196: 1985 | X196: 1986 | Y196: 1987 | Z196: 1988 | AA196: 1989 | AB196: 1990 | AC196: 1991 | AD196: 1992 | AE196: 1993 | AF196: 1994 | AG196: 1995 | AH196: 1996 | AI196: 1997 | AJ196: 1998 | AK196: 1999 | AL196: 2000 | AM196: 2001 | AN196: 2002 | AO196: 2003 | AP196: 2004 | AQ196: 2005 | AR196: 2006 | AS196: 2007 | AT196: 2008 | AU196: 2009 | AV196: 2010 | AW196: 2011 | AX196: 2012 | AY196: 2013 | AZ196: 2014 | BA196: 2015 | BB196: 2016 | BC196: 2017 | BD196: 2018 | BE196: 2019 | BF196: 2020 | BG196: 2021 | BH196: 2022 | BI196: 2023 | BJ196: 2024
B197: #yrs_bts_data
B198: 1982 | C198: 1983 | D198: 1984 | E198: 1985 | F198: 1986 | G198: 1987 | H198: 1988 | I198: 1989 | J198: 1990 | K198: 1991 | L198: 1992 | M198: 1993 | N198: 1994 | O198: 1995 | P198: 1996 | Q198: 1997 | R198: 1998 | S198: 1999 | T198: 2000 | U198: 2001 | V198: 2002 | W198: 2003 | X198: 2004 | Y198: 2005 | Z198: 2006 | AA198: 2007 | AB198: 2008 | AC198: 2009 | AD198: 2010 | AE198: 2011 | AF198: 2012 | AG198: 2013 | AH198: 2014 | AI198: 2015 | AJ198: 2016 | AK198: 2017 | AL198: 2018 | AM198: 2019 | AN198: 2021 | AO198: 2022 | AP198: 2023 | AQ198: 2024 | AR198: 2025
B199: #yrs_ats_data
B200: 1994 | C200: 1996 | D200: 1997 | E200: 1999 | F200: 2000 | G200: 2002 | H200: 2004 | I200: 2006 | J200: 2007 | K200: 2008 | L200: 2009 | M200: 2010 | N200: 2012 | O200: 2014 | P200: 2016 | Q200: 2018 | R200: 2020 | S200: 2022 | T200: 2024
B201: #sam_fsh
B202: 10 | C202: 10 | D202: 10 | E202: 10 | F202: 10 | G202: 10 | H202: 10 | I202: 10 | J202: 10 | K202: 10 | L202: 10 | M202: 10 | N202: 10 | O202: 10 | P202: 39 | Q202: 39 | R202: 39 | S202: 39 | T202: 39 | U202: 39 | V202: 39 | W202: 39 | X202: 39 | Y202: 39 | Z202: 39 | AA202: 39 | AB202: 39 | AC202: 260.30218 | AD202: 228.04509 | AE202: 344.44546 | AF202: 286.35592 | AG202: 256.9467 | AH202: 189.08022 | AI202: 318.67807 | AJ202: 354.5667 | AK202: 476.1365 | AL202: 482.43442 | AM202: 328.16988 | AN202: 486.56339 | AO202: 440.91364 | AP202: 390.51745 | AQ202: 494.38214 | AR202: 506.21057 | AS202: 500.21563 | AT202: 523.64998 | AU202: 420.03011 | AV202: 549.40556 | AW202: 728.07409 | AX202: 607.45925 | AY202: 753.2713 | AZ202: 606.34392 | BA202: 821.23484 | BB202: 704.11018 | BC202: 606.72008 | BD202: 667.84084 | BE202: 700.79587 | BF202: 565.24328 | BG202: 817.57809 | BH202: 641.23529 | BI202: 443.04334 | BJ202: 300
...

Sheet Tables
A2: Year | B2: & | C2: Bairdi& | D2: Chinook& | E2: Halib | F2: & | G2: Halib.M& | H2: Herring | I2: & | J2: NonChin& | K2: Snow | L2: Crab | M2: & | N2: Red | O2: King | P2: & | Q2: Blue | R2: King& | S2: Goldn | T2: King\\
B3: \hline
B4: 1991 | C4: & | D4: 1397836 | E4: & | F4: 36348 | G4: & | H4: 2155 | I4: & | J4: NA | K4: & | L4: 3158 | M4: & | N4: 28657 | O4: & | P4: 4378007 | Q4: & | R4: 17777 | S4: & | T4: NA | U4: & | V4: NA | W4: \\
B5: 1992 | C5: & | D5: 1500764 | E5: & | F5: 33672 | G5: & | H5: 2220 | I5: & | J5: NA | K5: & | L5: 646 | M5: & | N5: 40186 | O5: & | P5: 4569662 | Q5: & | R5: 43873 | S5: & | T5: NA | U5: & | V5: NA | W5: \\
B6: 1993 | C6: & | D6: 1649086 | E6: & | F6: 36615 | G6: & | H6: 1326 | I6: & | J6: NA | K6: & | L6: 527 | M6: & | N6: 241971 | O6: & | P6: 738250 | Q6: & | R6: 58139 | S6: & | T6: NA | U6: & | V6: NA | W6: \\
B7: 1994 | C7: & | D7: 371213 | E7: & | F7: 31880 | G7: & | H7: 963 | I7: & | J7: 688 | K7: & | L7: 1626 | M7: & | N7: 91764 | O7: & | P7: 811733 | Q7: & | R7: 42360 | S7: & | T7: NA | U7: & | V7: NA | W7: \\
B8: 1995 | C8: & | D8: 153992 | E8: & | F8: 13403 | G8: & | H8: 491 | I8: & | J8: 397 | K8: & | L8: 904 | M8: & | N8: 17754 | O8: & | P8: 206651 | Q8: & | R8: 4644 | S8: & | T8: NA | U8: & | V8: NA | W8: \\
B9: 1996 | C9: & | D9: 89415 | E9: & | F9: 55467 | G9: & | H9: 382 | I9: & | J9: 320 | K9: & | L9: 1241 | M9: & | N9: 77173 | O9: & | P9: 63398 | Q9: & | R9: 5933 | S9: & | T9: NA | U9: & | V9: NA | W9: \\
B10: 1997 | C10: & | D10: 17046 | E10: & | F10: 44312 | G10: & | H10: 257 | I10: & | J10: 200 | K10: & | L10: 1134 | M10: & | N10: 65414 | O10: & | P10: 216152 | Q10: & | R10: 137 | S10: & | T10: NA | U10: & | V10: NA | W10: \\
B11: 1998 | C11: & | D11: 57036 | E11: & | F11: 51244 | G11: & | H11: 352 | I11: & | J11: 278 | K11: & | L11: 800 | M11: & | N11: 60676 | O11: & | P11: 123400 | Q11: & | R11: 14286 | S11: & | T11: NA | U11: & | V11: NA | W11: \\
B12: 1999 | C12: & | D12: 2397 | E12: & | F12: 10381 | G12: & | H12: 153 | I12: & | J12: 124 | K12: & | L12: 799 | M12: & | N12: 44610 | O12: & | P12: 15829 | Q12: & | R12: 90 | S12: & | T12: NA | U12: & | V12: NA | W12: \\
B13: 2000 | C13: & | D13: 1484 | E13: & | F13: 4242 | G13: & | H13: 110 | I13: & | J13: 90 | K13: & | L13: 482 | M13: & | N13: 56866 | O13: & | P13: 6480 | Q13: & | R13: 0 | S13: & | T13: NA | U13: & | V13: NA | W13: \\
B14: 2001 | C14: & | D14: 5060 | E14: & | F14: 30933 | G14: & | H14: 242 | I14: & | J14: 199 | K14: & | L14: 225 | M14: & | N14: 53901 | O14: & | P14: 5653 | Q14: & | R14: 105 | S14: & | T14: NA | U14: & | V14: NA | W14: \\
B15: 2002 | C15: & | D15: 2112 | E15: & | F15: 32381 | G15: & | H15: 165 | I15: & | J15: 137 | K15: & | L15: 108 | M15: & | N15: 77167 | O15: & | P15: 2697 | Q15: & | R15: 16 | S15: & | T15: NA | U15: & | V15: NA | W15: \\
B16: 2003 | C16: & | D16: 732 | E16: & | F16: 43095 | G16: & | H16: 88 | I16: & | J16: 74 | K16: & | L16: 967 | M16: & | N16: 179987 | O16: & | P16: 608 | Q16: & | R16: 52 | S16: & | T16: 8 | U16: & | V16: NA | W16: \\
B17: 2004 | C17: & | D17: 1091 | E17: & | F17: 48799 | G17: & | H17: 96 | I17: & | J17: 81 | K17: & | L17: 1095 | M17: & | N17: 441188 | O17: & | P17: 640 | Q17: & | R17: 26 | S17: & | T17: 4 | U17: & | V17: 1 | W17: \\
B18: 2005 | C18: & | D18: 601 | E18: & | F18: 66208 | G18: & | H18: 119 | I18: & | J18: 100 | K18: & | L18: 593 | M18: & | N18: 703076 | O18: & | P18: 2016 | Q18: & | R18: 0 | S18: & | T18: NA | U18: & | V18: 1 | W18: \\
B19: 2006 | C19: & | D19: 1288 | E19: & | F19: 80915 | G19: & | H19: 132 | I19: & | J19: 111 | K19: & | L19: 433 | M19: & | N19: 305793 | O19: & | P19: 2567 | Q19: & | R19: 288 | S19: & | T19: NA | U19: & | V19: 3 | W19: \\
B20: 2007 | C20: & | D20: 1465 | E20: & | F20: 116329 | G20: & | H20: 312 | I20: & | J20: 269 | K20: & | L20: 351 | M20: & | N20: 86380 | O20: & | P20: 3033 | Q20: & | R20: 7 | S20: & | T20: NA | U20: & | V20: 3 | W20: \\
B21: 2008 | C21: & | D21: 9025 | E21: & | F21: 20602 | G21: & | H21: 373 | I21: & | J21: 311 | K21: & | L21: 127 | M21: & | N21: 15119 | O21: & | P21: 8894 | Q21: & | R21: 670 | S21: & | T21: 8 | U21: & | V21: 33 | W21: \\
B22: 2009 | C22: & | D22: 6155 | E22: & | F22: 12284 | G22: & | H22: 541 | I22: & | J22: 436 | K22: & | L22: 64 | M22: & | N22: 45960 | O22: & | P22: 7312 | Q22: & | R22: 1136 | S22: & | T22: 19 | U22: & | V22: NA | W22: \\
B23: 2010 | C23: & | D23: 12787 | E23: & | F23: 9833 | G23: & | H23: 335 | I23: & | J23: 267 | K23: & | L23: 348 | M23: & | N23: 13728 | O23: & | P23: 9444 | Q23: & | R23: 1122 | S23: & | T23: 28 | U23: & | V23: NA | W23: \\
B24: 2011 | C24: & | D24: 10973 | E24: & | F24: 25499 | G24: & | H24: 459 | I24: & | J24: 378 | K24: & | L24: 376 | M24: & | N24: 193754 | O24: & | P24: 6493 | Q24: & | R24: 577 | S24: & | T24: 25 | U24: & | V24: NA | W24: \\
B25: 2012 | C25: & | D25: 5620 | E25: & | F25: 11343 | G25: & | H25: 462 | I25: & | J25: 388 | K25: & | L25: 2352 | M25: & | N25: 22297 | O25: & | P25: 6189 | Q25: & | R25: 343 | S25: & | T25: NA | U25: & | V25: NA | W25: \\
B26: 2013 | C26: & | D26: 12426 | E26: & | F26: 13091 | G26: & | H26: 333 | I26: & | J26: 271 | K26: & | L26: 958 | M26: & | N26: 125525 | O26: & | P26: 8605 | Q26: & | R26: 507 | S26: & | T26: 34 | U26: & | V26: 107 | W26: \\
B27: 2014 | C27: & | D27: 12521 | E27: & | F27: 15135 | G27: & | H27: 239 | I27: & | J27: 199 | K27: & | L27: 159 | M27: & | N27: 219837 | O27: & | P27: 19454 | Q27: & | R27: 368 | S27: & | T27: NA | U27: & | V27: NA | W27: \\
B28: 2015 | C28: & | D28: 8872 | E28: & | F28: 18329 | G28: & | H28: 152 | I28: & | J28: 130 | K28: & | L28: 1487 | M28: & | N28: 237776 | O28: & | P28: 8339 | Q28: & | R28: 0 | S28: & | T28: NA | U28: & | V28: NA | W28: \\
B29: 2016 | C29: & | D29: 2295 | E29: & | F29: 22204 | G29: & | H29: 121 | I29: & | J29: 102 | K29: & | L29: 1431 | M29: & | N29: 343208 | O29: & | P29: 1166 | Q29: & | R29: 439 | S29: & | T29: NA | U29: & | V29: 26 | W29: \\
B30: 2017 | C30: & | D30: 7269 | E30: & | F30: 30078 | G30: & | H30: 97 | I30: & | J30: 88 | K30: & | L30: 963 | M30: & | N30: 467750 | O30: & | P30: 3406 | Q30: & | R30: 202 | S30: & | T30: 0 | U30: & | V30: 67 | W30: \\
B31: 2018 | C31: & | D31: 2249 | E31: & | F31: 13726 | G31: & | H31: 75 | I31: & | J31: 62 | K31: & | L31: 474 | M31: & | N31: 295818 | O31: & | P31: 5143 | Q31: & | R31: 565 | S31: & | T31: - | U31: & | V31: 53 | W31: \\
B32: 2019 | C32: & | D32: 3146 | E32: & | F32: 25038 | G32: & | H32: 134 | I32: & | J32: 113 | K32: & | L32: 1102 | M32: & | N32: 348631 | O32: & | P32: 6228 | Q32: & | R32: 453 | S32: & | T32: 99 | U32: & | V32: 445 | W32: \\
B33: 2020 | C33: & | D33: 10749 | E33: & | F33: 32204 | G33: & | H33: 128 | I33: & | J33: 102 | K33: & | L33: 3861 | M33: & | N33: 343625 | O33: & | P33: 40005 | Q33: & | R33: 479 | S33: & | T33: 1 | U33: & | V33: 522 | W33: \\
B34: 2021 | C34: & | D34: 8417 | E34: & | F34: 13852 | G34: & | H34: 145 | I34: & | J34: 131 | K34: & | L34: 1708 | M34: & | N34: 546472 | O34: & | P34: 4668 | Q34: & | R34: 52 | S34: & | T34: - | U34: & | V34: 115 | W34: \\
B35: 2022 | C35: & | D35: 4758 | E35: & | F35: 6415 | G35: & | H35: 170 | I35: & | J35: 156 | K35: & | L35: 1708 | M35: & | N35: 242375 | O35: & | P35: 1952 | Q35: & | R35: 311 | S35: & | T35: 59 | U35: & | V35: 88 | W35: \\
B36: 2023 | C36: & | D36: 11978 | E36: & | F36: 11750 | G36: & | H36: 84 | I36: & | J36: 67 | K36: & | L36: 3087 | M36: & | N36: 112445 | O36: & | P36: 4100 | Q36: & | R36: 54 | S36: & | T36: - | U36: & | V36: 132 | W36: \\
B37: \hline

Sheet bsaiatf_data_2024
A1: Data for BSAI Arrowtooth Flounder
A3: biomass
A4: ebs shelf bottom trawl survey
A5: year | B5: 1992 | C5: 1993 | D5: 1994 | E5: 1995 | F5: 1996 | G5: 1997 | H5: 1998 | I5: 1999 | J5: 2000 | K5: 2001 | L5: 2002 | M5: 2003 | N5: 2004 | O5: 2005 | P5: 2006 | Q5: 2007 | R5: 2008 | S5: 2009 | T5: 2010 | U5: 2011 | V5: 2012 | W5: 2013 | X5: 2014 | Y5: 2015 | Z5: 2016 | AA5: 2017 | AB5: 2018 | AC5: 2019 | AD5: 2021 | AE5: 2022 | AF5: 2023 | AG5: 2024
A6: biomass_mt | B6: 342757.85 | C6: 444329.79 | D6: 473657.15 | E6: 445070.8 | F6: 524048.48 | G6: 459633.07 | H6: 343423 | I6: 237387.88 | J6: 312690.96 | K6: 375950.08 | L6: 311321.37 | M6: 496522.93 | N6: 516845.16 | O6: 660314.84 | P6: 604950.92 | Q6: 479427.96 | R6: 526836.33 | S6: 403584.94 | T6: 525731.52 | U6: 519361.12 | V6: 400282.25 | W6: 402452.91 | X6: 463304.54 | Y6: 407519.29 | Z6: 473808.71 | AA6: 422367.61 | AB6: 509637.55 | AC6: 576230.04 | AD6: 457568.94 | AE6: 521614.67 | AF6: 462575.05 | AG6: 582468.89
A7: biomass_var | B7: 2333827202 | C7: 1783069599 | D7: 2160538855 | E7: 4235058673 | F7: 3075168719 | G7: 3528132679 | H7: 1546588417 | I7: 3772404082 | J7: 2825435475 | K7: 1239733380 | L7: 8.7603905e+08 | M7: 1853732979 | N7: 1452861622 | O7: 2213078343 | P7: 2159115435 | Q7: 1411402356 | R7: 2101199876 | S7: 1618888745 | T7: 1940696224 | U7: 1599679202 | V7: 1842786139 | W7: 1284682990 | X7: 1031610449 | Y7: 6.3145242e+08 | Z7: 5.2802361e+08 | AA7: 7.6560258e+08 | AB7: 1240718258 | AC7: 1461613923 | AD7: 1483649577 | AE7: 3735622656 | AF7: 1508023988 | AG7: 3065091650
A9: ai bottom trawl survey
A10: year | B10: 1994 | C10: 1997 | D10: 2000 | E10: 2002 | F10: 2004 | G10: 2006 | H10: 2010 | I10: 2012 | J10: 2014 | K10: 2016 | L10: 2018 | M10: 2022 | N10: 2024
A11: biomass_mt | B11: 58229.436 | C11: 74085.214 | D11: 65028.119 | E11: 88808.486 | F11: 95040.975 | G11: 181062.49 | H11: 80049.293 | I11: 60371.062 | J11: 75957.574 | K11: 65900.419 | L11: 59492.998 | M11: 58008.174 | N11: 45219.398
A12: biomass_var | B12: 68376681 | C12: 69010171 | D12: 52540980 | E12: 1.4029581e+08 | F12: 1.5294561e+08 | G12: 2419833506 | H12: 2.378217e+08 | I12: 102366725 | J12: 1.2221661e+08 | K12: 1.7080229e+08 | L12: 48564795 | M12: 49844462 | N12: 52586951
A14: ebs slope bottom trawl survey
A15: year | B15: 2002 | C15: 2004 | D15: 2008 | E15: 2010 | F15: 2012 | G15: 2016
A16: biomass_mt | B16: 42998.819 | C16: 53820.817 | D16: 68612.394 | E16: 75979.308 | F16: 73128.598 | G16: 45581.888
A17: biomass_var | B17: 31447236 | C17: 33074420 | D17: 77916883 | E17: 1.2688745e+08 | F17: 171498524 | G17: 28991328
A19: age bins | B19: 1 | C19: 2 | D19: 3 | E19: 4 | F19: 5 | G19: 6 | H19: 7 | I19: 8 | J19: 9 | K19: 10 | L19: 11 | M19: 12 | N19: 13 | O19: 14 | P19: 15 | Q19: 16 | R19: 17 | S19: 18 | T19: 19 | U19: 20 | V19: 21+
A21: ebs shelf bottom trawl survey age compositions
A22: female
A23: 1993 | B23: 0 | C23: 0 | D23: 10408082 | E23: 34816588 | F23: 50618673 | G23: 121792277 | H23: 99982654 | I23: 75901048 | J23: 28284438 | K23: 20362577 | L23: 633502 | M23: 502179 | N23: 103467 | O23: 0 | P23: 0 | Q23: 0 | R23: 0 | S23: 0 | T23: 0 | U23: 0 | V23: 0
A24: 1994 | B24: 0 | C24: 2811177 | D24: 29290554 | E24: 11834230 | F24: 99543012 | G24: 106324768 | H24: 70688636 | I24: 44101188 | J24: 32365295 | K24: 13113474 | L24: 1241369 | M24: 0 | N24: 0 | O24: 0 | P24: 0 | Q24: 0 | R24: 0 | S24: 0 | T24: 0 | U24: 0 | V24: 0
A25: 1996 | B25: 1954092 | C25: 16317352 | D25: 54657137 | E25: 53006458 | F25: 50867502 | G25: 42242130 | H25: 34691140 | I25: 52086766 | J25: 59252144 | K25: 50581612 | L25: 23779956 | M25: 7383216 | N25: 3679056 | O25: 0 | P25: 0 | Q25: 0 | R25: 0 | S25: 0 | T25: 0 | U25: 0 | V25: 0
A26: 1998 | B26: 2726344 | C26: 28639563 | D26: 67791637 | E26: 72783702 | F26: 55723445 | G26: 27960604 | H26: 36507793 | I26: 26739826 | J26: 21986857 | K26: 14056648 | L26: 8678940 | M26: 6591358 | N26: 382881 | O26: 0 | P26: 0 | Q26: 0 | R26: 0 | S26: 0 | T26: 0 | U26: 0 | V26: 0
A27: 2004 | B27: 8721813 | C27: 139399509 | D27: 189833569 | E27: 158167334 | F27: 143018256 | G27: 65719903 | H27: 31428010 | I27: 30848578 | J27: 19865282 | K27: 7708618 | L27: 5661570 | M27: 6897639 | N27: 342570 | O27: 351078 | P27: 241184 | Q27: 1581682 | R27: 0 | S27: 0 | T27: 0 | U27: 0 | V27: 0
A28: 2010 | B28: 371290 | C28: 81531113 | D28: 84925964 | E28: 147685024 | F28: 200798241 | G28: 98699381 | H28: 94570373 | I28: 23418874 | J28: 21563028 | K28: 9388419 | L28: 5664541 | M28: 2256971 | N28: 2130523 | O28: 334859 | P28: 849834 | Q28: 1522920 | R28: 0 | S28: 0 | T28: 554609 | U28: 141471 | V28: 766548
A29: 2012 | B29: 121847 | C29: 30998345 | D29: 77153141 | E29: 94193395 | F29: 93590081 | G29: 114083646 | H29: 71678254 | I29: 34204372 | J29: 41059099 | K29: 10909168 | L29: 6915354 | M29: 1825075 | N29: 1192752 | O29: 758328 | P29: 0 | Q29: 1019918 | R29: 252405 | S29: 73225 | T29: 0 | U29: 0 | V29: 72286
A30: 2014 | B30: 2803545 | C30: 51645429 | D30: 74009755 | E30: 58135092 | F30: 73553151 | G30: 71205233 | H30: 63615331 | I30: 32270441 | J30: 32143215 | K30: 22396090 | L30: 14498176 | M30: 9834462 | N30: 1053664 | O30: 959602 | P30: 491891 | Q30: 807334 | R30: 130916 | S30: 0 | T30: 0 | U30: 167349 | V30: 424849
A31: 2015 | B31: 0 | C31: 23871929 | D31: 60906325 | E31: 64855924 | F31: 56664125 | G31: 73496403 | H31: 60185742 | I31: 32045213 | J31: 28761447 | K31: 20554257 | L31: 19288508 | M31: 7709927 | N31: 3503393 | O31: 5694528 | P31: 1909437 | Q31: 799785 | R31: 346190 | S31: 0 | T31: 190891 | U31: 0 | V31: 455759
A32: 2016 | B32: 0 | C32: 26315412 | D32: 112468933 | E32: 154817447 | F32: 92846813 | G32: 63756251 | H32: 37043749 | I32: 25229122 | J32: 21526776 | K32: 17565112 | L32: 12425529 | M32: 9543354 | N32: 7854407 | O32: 1002524 | P32: 1812494 | Q32: 0 | R32: 0 | S32: 587562 | T32: 0 | U32: 0 | V32: 0
A33: 2017 | B33: 0 | C33: 51121662 | D33: 52865902 | E33: 133962903 | F33: 100342915 | G33: 43494155 | H33: 27325731 | I33: 19273345 | J33: 17593822 | K33: 18711238 | L33: 15165662 | M33: 6355199 | N33: 4459482 | O33: 1724409 | P33: 718125 | Q33: 0 | R33: 0 | S33: 805878 | T33: 0 | U33: 0 | V33: 0
A34: 2018 | B34: 0 | C34: 161745800 | D34: 123351252 | E34: 103789903 | F34: 131277695 | G34: 101799490 | H34: 46656208 | I34: 17889828 | J34: 17870185 | K34: 13025136 | L34: 7082536 | M34: 7259786 | N34: 5081933 | O34: 912598 | P34: 0 | Q34: 0 | R34: 1093447 | S34: 0 | T34: 0 | U34: 0 | V34: 0
... A36: 2021 | B36: 0 | C36: 0 | D36: 161656676 | E36: 120269392 | F36: 162207014 | G36: 47880275 | H36: 32452492 | I36: 19464395 | J36: 7283789 | K36: 1458800 | L36: 2225073 | M36: 3359279 | N36: 2834920 | O36: 1424079 | P36: 2097660 | Q36: 798736 | R36: 409607 | S36: 0 | T36: 0 | U36: 0 | V36: 0
A38: male
A39: 1993 | B39: 0 | C39: 0 | D39: 16763705 | E39: 6830736 | F39: 61012558 | G39: 56619519 | H39: 31019536 | I39: 8976840 | J39: 1319594 | K39: 450707 | L39: 0 | M39: 0 | N39: 0 | O39: 0 | P39: 0 | Q39: 0 | R39: 0 | S39: 0 | T39: 0 | U39: 0 | V39: 0
A40: 1994 | B40: 0 | C40: 12865734 | D40: 13407040 | E40: 17215009 | F40: 29553581 | G40: 42654480 | H40: 17475468 | I40: 31648622 | J40: 0 | K40: 2344501 | L40: 0 | M40: 0 | N40: 0 | O40: 0 | P40: 0 | Q40: 0 | R40: 0 | S40: 0 | T40: 0 | U40: 0 | V40: 0
A41: 1996 | B41: 0 | C41: 6355624 | D41: 19618750 | E41: 12870309 | F41: 33065806 | G41: 22577996 | H41: 9645638 | I41: 22278889 | J41: 3094048 | K41: 6178786 | L41: 0 | M41: 231769 | N41: 0 | O41: 0 | P41: 0 | Q41: 0 | R41: 0 | S41: 0 | T41: 0 | U41: 0 | V41: 0
A42: 1998 | B42: 0 | C42: 12663574 | D42: 49842818 | E42: 29270487 | F42: 16201686 | G42: 5348072 | H42: 11856460 | I42: 2747428 | J42: 0 | K42: 2609596 | L42: 0 | M42: 0 | N42: 0 | O42: 0 | P42: 0 | Q42: 0 | R42: 0 | S42: 0 | T42: 0 | U42: 0 | V42: 0
A43: 2004 | B43: 7599173 | C43: 99290331 | D43: 89021729 | E43: 73991763 | F43: 38729973 | G43: 24316339 | H43: 9076550 | I43: 7047346 | J43: 1454632 | K43: 0 | L43: 112914 | M43: 0 | N43: 0 | O43: 0 | P43: 0 | Q43: 0 | R43: 506768 | S43: 0 | T43: 0 | U43: 0 | V43: 0
A44: 2010 | B44: 222339 | C44: 43295449 | D44: 43345415 | E44: 54067360 | F44: 62734935 | G44: 30387639 | H44: 26757935 | I44: 5052087 | J44: 1713378 | K44: 722498 | L44: 0 | M44: 0 | N44: 0 | O44: 0 | P44: 0 | Q44: 0 | R44: 0 | S44: 0 | T44: 0 | U44: 0 | V44: 0
A45: 2012 | B45: 0 | C45: 18035547 | D45: 44679488 | E45: 59651089 | F45: 33796916 | G45: 32141880 | H45: 11858902 | I45: 6657820 | J45: 5863968 | K45: 411944 | L45: 1248738 | M45: 536040 | N45: 0 | O45: 0 | P45: 0 | Q45: 0 | R45: 0 | S45: 0 | T45: 0 | U45: 0 | V45: 0
A46: 2014 | B46: 99853 | C46: 23618785 | D46: 23595000 | E46: 41361876 | F46: 35571045 | G46: 29000365 | H46: 12357338 | I46: 2563104 | J46: 4156254 | K46: 2894977 | L46: 0 | M46: 0 | N46: 0 | O46: 0 | P46: 0 | Q46: 0 | R46: 0 | S46: 0 | T46: 0 | U46: 0 | V46: 0
A47: 2015 | B47: 0 | C47: 12428840 | D47: 25171270 | E47: 25109310 | F47: 31040977 | G47: 19444856 | H47: 12801311 | I47: 8255032 | J47: 3879499 | K47: 1784202 | L47: 2364919 | M47: 1389851 | N47: 256229 | O47: 798957 | P47: 0 | Q47: 0 | R47: 0 | S47: 0 | T47: 0 | U47: 0 | V47: 0
A48: 2016 | B48: 271434 | C48: 10948056 | D48: 46565584 | E48: 90091729 | F48: 33475444 | G48: 15901471 | H48: 8079246 | I48: 6045477 | J48: 2535935 | K48: 2930133 | L48: 230870 | M48: 259936 | N48: 259936 | O48: 0 | P48: 0 | Q48: 0 | R48: 0 | S48: 0 | T48: 0 | U48: 0 | V48: 230870
A49: 2017 | B49: 0 | C49: 16596013 | D49: 29961109 | E49: 50411116 | F49: 52650448 | G49: 24186251 | H49: 4641313 | I49: 3800055 | J49: 1575607 | K49: 106921 | L49: 2383614 | M49: 349574 | N49: 456495 | O49: 0 | P49: 0 | Q49: 0 | R49: 106921 | S49: 0 | T49: 106921 | U49: 0 | V49: 0
A50: 2018 | B50: 0 | C50: 90070972 | D50: 60314979 | E50: 59753606 | F50: 48656699 | G50: 43116995 | H50: 9598973 | I50: 4315268 | J50: 1670431 | K50: 1909282 | L50: 0 | M50: 864210 | N50: 0 | O50: 479805 | P50: 0 | Q50: 0 | R50: 0 | S50: 0 | T50: 0 | U50: 0 | V50: 0
... A52: 2021 | B52: 0 | C52: 9585558 | D52: 93751458 | E52: 84281945 | F52: 118174557 | G52: 17754853 | H52: 7680846 | I52: 871926 | J52: 0 | K52: 890728 | L52: 0 | M52: 669118 | N52: 0 | O52: 0 | P52: 0 | Q52: 0 | R52: 0 | S52: 0 | T52: 0 | U52: 0 | V52: 0
A54: ai bottom trawl survey age compositions
A55: female
A56: 2010 | B56: 0 | C56: 1760941 | D56: 5447825 | E56: 6748867 | F56: 10950450 | G56: 4338225 | H56: 5849529 | I56: 3878681 | J56: 3458633 | K56: 2188053 | L56: 2339754 | M56: 1197874 | N56: 1172517 | O56: 908097 | P56: 786241 | Q56: 385055 | R56: 188967 | S56: 568792 | T56: 297725 | U56: 317876 | V56: 300345
A57: 2012 | B57: 0 | C57: 1939207 | D57: 1671926 | E57: 5392146 | F57: 5245473 | G57: 4298424 | H57: 6799989 | I57: 4001542 | J57: 1291856 | K57: 2131008 | L57: 1630302 | M57: 1257117 | N57: 955296 | O57: 1042074 | P57: 550678 | Q57: 695234 | R57: 503648 | S57: 371614 | T57: 116441 | U57: 133252 | V57: 674046
A58: 2014 | B58: 107753 | C58: 3056464 | D58: 6891701 | E58: 7163546 | F58: 3554354 | G58: 3727775 | H58: 3489631 | I58: 7349528 | J58: 6264415 | K58: 3420535 | L58: 3740815 | M58: 393765 | N58: 862159 | O58: 1723348 | P58: 343988 | Q58: 1319383 | R58: 642499 | S58: 241750 | T58: 144160 | U58: 273240 | V58: 675872
A59: 2016 | B59: 0 | C59: 4098806 | D59: 3335028 | E59: 9362843 | F59: 7524876 | G59: 4113426 | H59: 2609968 | I59: 3864982 | J59: 2669918 | K59: 3187130 | L59: 2196424 | M59: 1007629 | N59: 1010419 | O59: 358324 | P59: 744939 | Q59: 406174 | R59: 125053 | S59: 28408 | T59: 112343 | U59: 294922 | V59: 737287
A60: 2018 | B60: 0 | C60: 6253025 | D60: 5769481 | E60: 5203212 | F60: 4545699 | G60: 6852973 | H60: 4171766 | I60: 5013460 | J60: 1732010 | K60: 1643684 | L60: 2205802 | M60: 1004566 | N60: 1742406 | O60: 881713 | P60: 379100 | Q60: 34650 | R60: 386195 | S60: 223308 | T60: 206939 | U60: 681248 | V60: 502148
A62: male
A63: 2010 | B63: 0 | C63: 1699287 | D63: 3946856 | E63: 5936887 | F63: 16623379 | G63: 5055470 | H63: 4839064 | I63: 2982628 | J63: 1074186 | K63: 1755562 | L63: 816444 | M63: 2107318 | N63: 1033774 | O63: 1629809 | P63: 223843 | Q63: 0 | R63: 51089 | S63: 239698 | T63: 119642 | U63: 173803 | V63: 752229
A64: 2012 | B64: 141455 | C64: 1829023 | D64: 3009321 | E64: 4456396 | F64: 6253523 | G64: 5445255 | H64: 4350594 | I64: 4517595 | J64: 2491168 | K64: 1923458 | L64: 462784 | M64: 821047 | N64: 347191 | O64: 382040 | P64: 378726 | Q64: 563090 | R64: 178021 | S64: 175558 | T64: 125627 | U64: 103496 | V64: 212953
A65: 2014 | B65: 39745 | C65: 3202568 | D65: 6365280 | E65: 2571486 | F65: 2349024 | G65: 5222206 | H65: 2685681 | I65: 3994634 | J65: 4982382 | K65: 2155589 | L65: 1139435 | M65: 1532826 | N65: 448613 | O65: 0 | P65: 0 | Q65: 544420 | R65: 0 | S65: 0 | T65: 499736 | U65: 230538 | V65: 734293
A66: 2016 | B66: 0 | C66: 3541493 | D66: 2649238 | E66: 4672728 | F66: 4990687 | G66: 3737125 | H66: 4503882 | I66: 4972831 | J66: 4583601 | K66: 2725912 | L66: 1000129 | M66: 1439254 | N66: 2625411 | O66: 0 | P66: 788426 | Q66: 131151 | R66: 49455 | S66: 337294 | T66: 0 | U66: 38834 | V66: 498519
A67: 2018 | B67: 0 | C67: 5031076 | D67: 2428066 | E67: 4340380 | F67: 2146350 | G67: 3581186 | H67: 3251797 | I67: 2661927 | J67: 1111841 | K67: 1458688 | L67: 1454608 | M67: 1232574 | N67: 967629 | O67: 103397 | P67: 376978 | Q67: 196243 | R67: 24056 | S67: 140766 | T67: 167662 | U67: 306563 | V67: 665879
A69: size bins | B69: 10 | C69: 16 | D69: 18 | E69: 20 | F69: 22 | G69: 24 | H69: 26 | I69: 28 | J69: 30 | K69: 32 | L69: 34 | M69: 36 | N69: 38 | O69: 40 | P69: 43 | Q69: 46 | R69: 49 | S69: 52 | T69: 55 | U69: 58 | V69: 61 | W69: 64 | X69: 67 | Y69: 70 | Z69: 75
A71: ebs shelf bottom trawl survey size compositions
A72: female
A73: 1992 | B73: 3333521 | C73: 9686724 | D73: 8697571 | E73: 7746355 | F73: 8075202 | G73: 9683034 | H73: 13428085 | I73: 17431811 | J73: 23684230 | K73: 28638991 | L73: 28812659 | M73: 30337055 | N73: 32270022 | O73: 58494695 | P73: 43126762 | Q73: 27197382 | R73: 18294468 | S73: 17198155 | T73: 9959641 | U73: 4532006 | V73: 3575019 | W73: 3022717 | X73: 1152806 | Y73: 94171 | Z73: 0
A74: 1993 | B74: 1763030 | C74: 7121405 | D74: 7811236 | E74: 9247818 | F74: 14012756 | G74: 11824566 | H74: 9797477 | I74: 14990270 | J74: 21651306 | K74: 23155694 | L74: 27812949 | M74: 32929864 | N74: 34329525 | O74: 53462680 | P74: 52748003 | Q74: 55928223 | R74: 38557357 | S74: 24247506 | T74: 20352487 | U74: 14206360 | V74: 5216385 | W74: 1620787 | X74: 1955510 | Y74: 493098 | Z74: 183030
A75: 1994 | B75: 4708711 | C75: 16419134 | D75: 17891176 | E75: 11316262 | F75: 9394999 | G75: 16415751 | H75: 17304003 | I75: 16447325 | J75: 19927212 | K75: 21370828 | L75: 24782116 | M75: 28884602 | N75: 31939742 | O75: 64883442 | P75: 64058631 | Q75: 46254201 | R75: 37276277 | S75: 32240089 | T75: 18979931 | U75: 17457678 | V75: 6636999 | W75: 1998348 | X75: 1051728 | Y75: 206738 | Z75: 340946
A76: 1995 | B76: 1191264 | C76: 5520721 | D76: 12873978 | E76: 11528282 | F76: 11761712 | G76: 19546237 | H76: 18767576 | I76: 17563407 | J76: 19712536 | K76: 34748324 | L76: 26496970 | M76: 28072851 | N76: 28378045 | O76: 55319078 | P76: 47206264 | Q76: 46027838 | R76: 40629273 | S76: 31034253 | T76: 23785334 | U76: 16483996 | V76: 12069351 | W76: 3941906 | X76: 1161571 | Y76: 532748 | Z76: 0
A77: 1996 | B77: 3855266 | C77: 7246069 | D77: 6840641 | E77: 4520137 | F77: 5007489 | G77: 9132689 | H77: 15863962 | I77: 21583411 | J77: 22492169 | K77: 21254825 | L77: 23504646 | M77: 28504125 | N77: 29649093 | O77: 39122725 | P77: 39258808 | Q77: 37125764 | R77: 40533276 | S77: 35186772 | T77: 30229438 | U77: 25429233 | V77: 14774565 | W77: 9694928 | X77: 3230934 | Y77: 2032034 | Z77: 0
A78: 1997 | B78: 3548153 | C78: 10540435 | D78: 11632637 | E78: 13276827 | F78: 11883069 | G78: 10508826 | H78: 11389644 | I78: 10292734 | J78: 10633396 | K78: 9564174 | L78: 14907186 | M78: 23050995 | N78: 23000464 | O78: 37647807 | P78: 39591841 | Q78: 33986170 | R78: 32926819 | S78: 32861609 | T78: 25233255 | U78: 14866427 | V78: 15181629 | W78: 8409168 | X78: 5422170 | Y78: 2081215 | Z78: 0
A79: 1998 | B79: 4351014 | C79: 8090792 | D79: 9904384 | E79: 10846684 | F79: 15411182 | G79: 14454515 | H79: 15582353 | I79: 19334934 | J79: 20494516 | K79: 23882103 | L79: 18260211 | M79: 13801183 | N79: 15929711 | O79: 36285573 | P79: 30856841 | Q79: 22108465 | R79: 22560213 | S79: 20871562 | T79: 16817331 | U79: 10833774 | V79: 9102664 | W79: 7855092 | X79: 2785077 | Y79: 1974764 | Z79: 88113
A80: 1999 | B80: 4864387 | C80: 11622347 | D80: 10097735 | E80: 11969231 | F80: 16649812 | G80: 19706206 | H80: 19337482 | I80: 20019632 | J80: 17538020 | K80: 20303024 | L80: 16886122 | M80: 17900076 | N80: 13763231 | O80: 16082498 | P80: 11794390 | Q80: 17933468 | R80: 12965696 | S80: 14381152 | T80: 13013618 | U80: 9192825 | V80: 6633348 | W80: 4544031 | X80: 4241275 | Y80: 1329801 | Z80: 223342
A81: 2000 | B81: 9003987 | C81: 17381564 | D81: 19456335 | E81: 11965483 | F81: 14289178 | G81: 17046762 | H81: 15873114 | I81: 18841416 | J81: 25360970 | K81: 26370052 | L81: 23760652 | M81: 24111812 | N81: 28109115 | O81: 36313309 | P81: 23172839 | Q81: 22432180 | R81: 22055423 | S81: 25202124 | T81: 14273773 | U81: 7994259 | V81: 4561040 | W81: 3878554 | X81: 2223468 | Y81: 933514 | Z81: 366534
A82: 2001 | B82: 2607288 | C82: 10735185 | D82: 22336182 | E82: 26536718 | F82: 29861372 | G82: 20662060 | H82: 23660904 | I82: 34405181 | J82: 31415288 | K82: 26526963 | L82: 26209448 | M82: 23715078 | N82: 27133678 | O82: 38312968 | P82: 37789220 | Q82: 28931686 | R82: 22422421 | S82: 18154982 | T82: 18262770 | U82: 10153670 | V82: 6914808 | W82: 3239095 | X82: 3200213 | Y82: 1562760 | Z82: 107902
A83: 2002 | B83: 3938995 | C83: 7339330 | D83: 7780786 | E83: 8105015 | F83: 13574905 | G83: 25568331 | H83: 36340951 | I83: 41596713 | J83: 46862323 | K83: 38791296 | L83: 36718743 | M83: 29206014 | N83: 26784246 | O83: 33040526 | P83: 30854714 | Q83: 22397578 | R83: 16436086 | S83: 11816526 | T83: 9709884 | U83: 7502423 | V83: 6334065 | W83: 3644989 | X83: 1386433 | Y83: 1151941 | Z83: 363645
A84: 2003 | B84: 4843272 | C84: 15525748 | D84: 35912626 | E84: 34058234 | F84: 26051849 | G84: 21457716 | H84: 19487034 | I84: 31258903 | J84: 34788930 | K84: 48407269 | L84: 50656377 | M84: 56882795 | N84: 49971881 | O84: 57657660 | P84: 39438280 | Q84: 32911486 | R84: 27302834 | S84: 22253983 | T84: 16650199 | U84: 12110395 | V84: 11500795 | W84: 6572923 | X84: 3023651 | Y84: 2947475 | Z84: 708138
... A104: 2024 | B104: 1689810 | C104: 4131656 | D104: 10837958 | E104: 14039508 | F104: 13211550 | G104: 16826282 | H104: 12113689 | I104: 15855933 | J104: 21914635 | K104: 29645583 | L104: 29877624 | M104: 39376601 | N104: 42888105 | O104: 98702762 | P104: 74814024 | Q104: 50513392 | R104: 41158151 | S104: 39700985 | T104: 19034360 | U104: 12775884 | V104: 4693886 | W104: 2078015 | X104: 2556106 | Y104: 1849248 | Z104: 0
A106: male
A107: 1992 | B107: 2694176 | C107: 3200013 | D107: 3142709 | E107: 1654078 | F107: 4030731 | G107: 5380114 | H107: 6524376 | I107: 8708743 | J107: 10851408 | K107: 15601622 | L107: 19972206 | M107: 33114364 | N107: 27699136 | O107: 23112128 | P107: 11707280 | Q107: 6924004 | R107: 1493015 | S107: 1000352 | T107: 343264 | U107: 80903 | V107: 255137 | W107: 46610 | X107: 0 | Y107: 0 | Z107: 0
A108: 1993 | B108: 1973932 | C108: 6122432 | D108: 5765194 | E108: 5816590 | F108: 6748256 | G108: 5792471 | H108: 6475572 | I108: 11004863 | J108: 9293328 | K108: 14377591 | L108: 18043560 | M108: 22410781 | N108: 28154907 | O108: 35222555 | P108: 15428875 | Q108: 5731820 | R108: 3844716 | S108: 2364196 | T108: 800732 | U108: 606116 | V108: 23975 | W108: 65454 | X108: 0 | Y108: 119407 | Z108: 0
A109: 1994 | B109: 3502831 | C109: 12020424 | D109: 10271068 | E109: 6936434 | F109: 5176108 | G109: 11747816 | H109: 10045712 | I109: 13013513 | J109: 10282823 | K109: 12855114 | L109: 14574329 | M109: 17479427 | N109: 22971596 | O109: 36219222 | P109: 20593947 | Q109: 8826508 | R109: 4065896 | S109: 3119589 | T109: 866919 | U109: 908403 | V109: 765441 | W109: 54392 | X109: 0 | Y109: 49622 | Z109: 0
A110: 1995 | B110: 167703 | C110: 3179155 | D110: 5876439 | E110: 2919278 | F110: 6156378 | G110: 9434649 | H110: 6287636 | I110: 6468622 | J110: 10742586 | K110: 16373677 | L110: 13450366 | M110: 11849494 | N110: 12780799 | O110: 22892942 | P110: 27490093 | Q110: 9947483 | R110: 3828590 | S110: 1951462 | T110: 1629305 | U110: 434417 | V110: 0 | W110: 33708 | X110: 0 | Y110: 83495 | Z110: 0
A111: 1996 | B111: 3349992 | C111: 4122243 | D111: 3149257 | E111: 2025807 | F111: 1787902 | G111: 6239399 | H111: 8492244 | I111: 10938628 | J111: 10659123 | K111: 10996265 | L111: 11689991 | M111: 14492605 | N111: 15095058 | O111: 21287112 | P111: 19291207 | Q111: 12290419 | R111: 3304227 | S111: 1392726 | T111: 1246779 | U111: 932793 | V111: 478289 | W111: 157292 | X111: 123168 | Y111: 0 | Z111: 0
A112: 1997 | B112: 2744101 | C112: 6491597 | D112: 7033795 | E112: 6614302 | F112: 7657046 | G112: 4164988 | H112: 6365664 | I112: 4799358 | J112: 7056334 | K112: 9036185 | L112: 10356904 | M112: 10024875 | N112: 14133489 | O112: 17672119 | P112: 15751722 | Q112: 8434613 | R112: 3355215 | S112: 1414547 | T112: 1741195 | U112: 37840 | V112: 599722 | W112: 619696 | X112: 131944 | Y112: 0 | Z112: 0
A113: 1998 | B113: 3280896 | C113: 4923304 | D113: 4090051 | E113: 8837216 | F113: 8221453 | G113: 7386971 | H113: 10964353 | I113: 8919788 | J113: 10600257 | K113: 9476124 | L113: 8379019 | M113: 7812576 | N113: 10661763 | O113: 16955574 | P113: 12693723 | Q113: 5538990 | R113: 1510160 | S113: 1052407 | T113: 283203 | U113: 318254 | V113: 209705 | W113: 149407 | X113: 164662 | Y113: 0 | Z113: 0
A114: 1999 | B114: 3128122 | C114: 3595058 | D114: 5174474 | E114: 4025513 | F114: 6947038 | G114: 6944609 | H114: 8296856 | I114: 8097401 | J114: 10091329 | K114: 7210922 | L114: 10165597 | M114: 9347559 | N114: 4406838 | O114: 5702079 | P114: 5672930 | Q114: 2191037 | R114: 951962 | S114: 462823 | T114: 461987 | U114: 141382 | V114: 273078 | W114: 28161 | X114: 0 | Y114: 0 | Z114: 0
A115: 2000 | B115: 5928806 | C115: 11317125 | D115: 7571737 | E115: 5933232 | F115: 8171902 | G115: 7233056 | H115: 9914761 | I115: 10956899 | J115: 13763440 | K115: 12347040 | L115: 12876118 | M115: 10541210 | N115: 10170607 | O115: 11698615 | P115: 7395919 | Q115: 5160135 | R115: 2473674 | S115: 1730421 | T115: 601162 | U115: 594537 | V115: 184787 | W115: 290082 | X115: 45290 | Y115: 28615 | Z115: 0
A116: 2001 | B116: 3815332 | C116: 7539493 | D116: 14387381 | E116: 16546990 | F116: 9747873 | G116: 9494324 | H116: 15177729 | I116: 17403588 | J116: 21604757 | K116: 15049329 | L116: 14172755 | M116: 17816111 | N116: 12653399 | O116: 14816417 | P116: 12187474 | Q116: 6512293 | R116: 2836226 | S116: 398677 | T116: 471987 | U116: 332128 | V116: 69716 | W116: 69716 | X116: 63022 | Y116: 81748 | Z116: 0
A117: 2002 | B117: 3342119 | C117: 4739406 | D117: 4833103 | E117: 5895225 | F117: 6904162 | G117: 11061159 | H117: 13266157 | I117: 16993114 | J117: 17127223 | K117: 14943753 | L117: 11257424 | M117: 13323948 | N117: 8694953 | O117: 8814137 | P117: 5231311 | Q117: 3134680 | R117: 1042250 | S117: 1285592 | T117: 458633 | U117: 1109512 | V117: 219321 | W117: 0 | X117: 135313 | Y117: 0 | Z117: 0
A118: 2003 | B118: 6873493 | C118: 11164790 | D118: 23468087 | E118: 18304762 | F118: 20175015 | G118: 16073924 | H118: 15175264 | I118: 14104290 | J118: 21987946 | K118: 22867340 | L118: 22249881 | M118: 23336234 | N118: 17288678 | O118: 16224691 | P118: 11488702 | Q118: 4297328 | R118: 2271769 | S118: 969836 | T118: 522582 | U118: 197574 | V118: 21274 | W118: 234163 | X118: 0 | Y118: 0 | Z118: 73863
... A138: 2024 | B138: 2197200 | C138: 7332803 | D138: 8099797 | E138: 10128120 | F138: 11583934 | G138: 11689690 | H138: 17340083 | I138: 13121046 | J138: 15800238 | K138: 17146229 | L138: 21667954 | M138: 32097513 | N138: 38622571 | O138: 55396232 | P138: 38749188 | Q138: 12874537 | R138: 4511624 | S138: 1875120 | T138: 82439 | U138: 268413 | V138: 207620 | W138: 0 | X138: 0 | Y138: 60793 | Z138: 0
A140: ai bottom trawl survey size compositions
A141: female
A142: 1994 | B142: 40653 | C142: 380660 | D142: 781688 | E142: 1090881 | F142: 1229720 | G142: 1396316 | H142: 1378522 | I142: 1524813 | J142: 1749530 | K142: 1967875 | L142: 2287027 | M142: 2301974 | N142: 2385525 | O142: 4069741 | P142: 3893333 | Q142: 4404675 | R142: 3147808 | S142: 2777443 | T142: 2372044 | U142: 2319142 | V142: 1384219 | W142: 839581 | X142: 635100 | Y142: 791890 | Z142: 208929
A143: 1997 | B143: 178893 | C143: 743972 | D143: 1671387 | E143: 1897515 | F143: 1938081 | G143: 1747532 | H143: 2315696 | I143: 3231439 | J143: 3827298 | K143: 3081547 | L143: 2960956 | M143: 2456181 | N143: 2487203 | O143: 3746476 | P143: 4263384 | Q143: 4094949 | R143: 3380887 | S143: 3424786 | T143: 3199003 | U143: 2236604 | V143: 2029432 | W143: 1319003 | X143: 1153046 | Y143: 1070254 | Z143: 590186
A144: 2000 | B144: 106150 | C144: 770265 | D144: 2839300 | E144: 2274586 | F144: 2289841 | G144: 2828041 | H144: 4166587 | I144: 5231314 | J144: 3625402 | K144: 3274455 | L144: 2666422 | M144: 2450703 | N144: 3135101 | O144: 4419730 | P144: 3817751 | Q144: 2660505 | R144: 1987285 | S144: 2223554 | T144: 2862431 | U144: 2032172 | V144: 1392340 | W144: 1213056 | X144: 832923 | Y144: 1332429 | Z144: 775566
A145: 2002 | B145: 101010 | C145: 593694 | D145: 1534322 | E145: 1687930 | F145: 3082793 | G145: 4665155 | H145: 4570235 | I145: 4193070 | J145: 4121503 | K145: 5292500 | L145: 4826642 | M145: 4003746 | N145: 4008149 | O145: 5210162 | P145: 4269649 | Q145: 3723637 | R145: 3326778 | S145: 3124770 | T145: 3377667 | U145: 3214577 | V145: 2185577 | W145: 1804472 | X145: 1216192 | Y145: 1498436 | Z145: 1332472
A146: 2004 | B146: 139078 | C146: 221056 | D146: 880913 | E146: 1066800 | F146: 1359479 | G146: 2026733 | H146: 2093956 | I146: 2918359 | J146: 2939178 | K146: 3577710 | L146: 3250090 | M146: 3866737 | N146: 4714984 | O146: 6821419 | P146: 6011715 | Q146: 4782741 | R146: 3920913 | S146: 3543681 | T146: 3494747 | U146: 3476883 | V146: 2510160 | W146: 1824118 | X146: 1148081 | Y146: 1294185 | Z146: 1378250
A147: 2006 | B147: 90709 | C147: 150369 | D147: 1296729 | E147: 1766323 | F147: 908801 | G147: 1671693 | H147: 2384841 | I147: 1804630 | J147: 1878537 | K147: 2234286 | L147: 2581877 | M147: 2974997 | N147: 4271089 | O147: 5909504 | P147: 7301158 | Q147: 8949628 | R147: 12462294 | S147: 8973586 | T147: 9675378 | U147: 8982973 | V147: 8776151 | W147: 6107308 | X147: 3204358 | Y147: 2776364 | Z147: 1362800
A148: 2010 | B148: 21857 | C148: 267828 | D148: 1003848 | E148: 821355 | F148: 1566874 | G148: 1873125 | H148: 2409541 | I148: 2693096 | J148: 2955523 | K148: 2797541 | L148: 3365213 | M148: 3335677 | N148: 3022551 | O148: 3907834 | P148: 2814076 | Q148: 2155512 | R148: 3354506 | S148: 3952603 | T148: 2843630 | U148: 1944733 | V148: 1763001 | W148: 1296290 | X148: 1078065 | Y148: 1107097 | Z148: 922227
A149: 2012 | B149: 52145 | C149: 322163 | D149: 752134 | E149: 636096 | F149: 953300 | G149: 815844 | H149: 1592021 | I149: 2059431 | J149: 2045928 | K149: 2397302 | L149: 2992185 | M149: 3023400 | N149: 2334798 | O149: 3637838 | P149: 2163311 | Q149: 2112128 | R149: 1765090 | S149: 2027234 | T149: 1798417 | U149: 1684324 | V149: 1143262 | W149: 1058870 | X149: 1068660 | Y149: 1370786 | Z149: 973486
A150: 2014 | B150: 167063 | C150: 425174 | D150: 1050370 | E150: 2128693 | F150: 2234561 | G150: 2235044 | H150: 2703383 | I150: 2962444 | J150: 2695825 | K150: 1968209 | L150: 1963573 | M150: 1834234 | N150: 1736782 | O150: 2681953 | P150: 3354827 | Q150: 3887667 | R150: 4312212 | S150: 5086001 | T150: 4101749 | U150: 2704644 | V150: 1663459 | W150: 1220013 | X150: 828067 | Y150: 976737 | Z150: 604027
A151: 2016 | B151: 134660 | C151: 1074487 | D151: 1870601 | E151: 2166442 | F151: 1824108 | G151: 1918328 | H151: 1820258 | I151: 1500649 | J151: 2115376 | K151: 3041446 | L151: 3060322 | M151: 2457527 | N151: 2849695 | O151: 3154414 | P151: 2458804 | Q151: 2675637 | R151: 2913569 | S151: 3188598 | T151: 3081601 | U151: 1828318 | V151: 1261034 | W151: 896832 | X151: 745762 | Y151: 646914 | Z151: 578413
A152: 2018 | B152: 294885 | C152: 1327454 | D152: 3858282 | E152: 2114282 | F152: 1340991 | G152: 1271375 | H152: 1606456 | I152: 2087758 | J152: 2064732 | K152: 1922693 | L152: 2134311 | M152: 1906212 | N152: 2257001 | O152: 4403986 | P152: 4249751 | Q152: 3056783 | R152: 2415252 | S152: 2174646 | T152: 1897528 | U152: 1937617 | V152: 1753481 | W152: 1333876 | X152: 1159863 | Y152: 863084 | Z152: 707537
...

Sheet CEATTLE
B1: #================================================================================
B2: # | C2: DATA | D2: BELOW | E2: for | F2: 2023 | G2: runs
B3: #================================================================================
B4: #
B5: #nages | C5: : | D5: number | E5: of | F5: age | G5: groups | H5: UPDATED
B6: ##__________________________________________________________
B7: 12 | C7: 12 | D7: 21
B8: #
B9: #
B10: #==============================================================================
B11: #
B12: ##<<<<<<<<------------ | C12: CATCH | D12: DATA | E12: ----------------->>>>>>>>
B13: #
B14: #==============================================================================
B15: #
B16: #
B17: ##__________________________________________________________
B18: #nyrs_tc_biom | C18: : | D18: number | E18: of | F18: catch | G18: biomass | H18: index | I18: years
B19: ##__________________________________________________________
A20: 1 | B20: 46 | C20: 46 | D20: 46
B21: ##__________________________________________________________
B22: #yrs_tc_biom | C22: : | D22: catch | E22: biomass | F22: years
B23: ##__________________________________________________________
B24: 1979 | C24: 1980 | D24: 1981 | E24: 1982 | F24: 1983 | G24: 1984 | H24: 1985 | I24: 1986 | J24: 1987 | K24: 1988 | L24: 1989 | M24: 1990 | N24: 1991 | O24: 1992 | P24: 1993 | Q24: 1994 | R24: 1995 | S24: 1996 | T24: 1997 | U24: 1998 | V24: 1999 | W24: 2000 | X24: 2001 | Y24: 2002 | Z24: 2003 | AA24: 2004 | AB24: 2005 | AC24: 2006 | AD24: 2007 | AE24: 2008 | AF24: 2009 | AG24: 2010 | AH24: 2011 | AI24: 2012 | AJ24: 2013 | AK24: 2014 | AL24: 2015 | AM24: 2016 | AN24: 2017 | AO24: 2018 | AP24: 2019 | AQ24: 2020 | AR24: 2021 | AS24: 2022 | AT24: 2023 | AU24: 2024
B25: 1979 | C25: 1980 | D25: 1981 | E25: 1982 | F25: 1983 | G25: 1984 | H25: 1985 | I25: 1986 | J25: 1987 | K25: 1988 | L25: 1989 | M25: 1990 | N25: 1991 | O25: 1992 | P25: 1993 | Q25: 1994 | R25: 1995 | S25: 1996 | T25: 1997 | U25: 1998 | V25: 1999 | W25: 2000 | X25: 2001 | Y25: 2002 | Z25: 2003 | AA25: 2004 | AB25: 2005 | AC25: 2006 | AD25: 2007 | AE25: 2008 | AF25: 2009 | AG25: 2010 | AH25: 2011 | AI25: 2012 | AJ25: 2013 | AK25: 2014 | AL25: 2015 | AM25: 2016 | AN25: 2017 | AO25: 2018 | AP25: 2019 | AQ25: 2020 | AR25: 2021 | AS25: 2022 | AT25: 2023 | AU25: 2024
B26: 1979 | C26: 1980 | D26: 1981 | E26: 1982 | F26: 1983 | G26: 1984 | H26: 1985 | I26: 1986 | J26: 1987 | K26: 1988 | L26: 1989 | M26: 1990 | N26: 1991 | O26: 1992 | P26: 1993 | Q26: 1994 | R26: 1995 | S26: 1996 | T26: 1997 | U26: 1998 | V26: 1999 | W26: 2000 | X26: 2001 | Y26: 2002 | Z26: 2003 | AA26: 2004 | AB26: 2005 | AC26: 2006 | AD26: 2007 | AE26: 2008 | AF26: 2009 | AG26: 2010 | AH26: 2011 | AI26: 2012 | AJ26: 2013 | AK26: 2014 | AL26: 2015 | AM26: 2016 | AN26: 2017 | AO26: 2018 | AP26: 2019 | AQ26: 2020 | AR26: 2021 | AS26: 2022 | AT26: 2023 | AU26: 2024
B27: ##__________________________________________________________
B28: #tcb_biom_obs | C28: : | D28: Catch | E28: biomass | F28: 1000
B29: ##__________________________________________________________
B30: # | C30: Pollock
A31: =COUNT(B31:BT31) -> 46 | B31: ='pm_24.dat '!Q143*1000 -> 935714 | C31: ='pm_24.dat '!R143*1000 -> 958280 | D31: ='pm_24.dat '!S143*1000 -> 973502 | E31: ='pm_24.dat '!T143*1000 -> 955964 | F31: ='pm_24.dat '!U143*1000 -> 981450 | G31: ='pm_24.dat '!V143*1000 -> 1092055 | H31: ='pm_24.dat '!W143*1000 -> 1139676 | I31: ='pm_24.dat '!X143*1000 -> 1141993 | ... AU31: ='pm_24.dat '!BJ143*1000 -> 1300000
B32: # | C32: Cod
A33: =COUNT(B33:BT33) -> 46 | B33: 33761 | C33: 35058 | D33: 56507 | E33: 61104 | F33: 94801 | G33: 125103 | H33: 143447 | I33: 135605 | J33: 149903 | K33: 203071 | L33: 178323 | M33: 172067 | N33: 210241 | O33: 164210 | P33: 133186 | Q33: 172263 | R33: 228498 | S33: 209067 | T33: 232601 | U33: 158529 | V33: 145867 | W33: 151376 | X33: 142542 | Y33: 166555 | Z33: 175443 | AA33: 183748 | AB33: 182940 | AC33: 168818 | AD33: 140129 | AE33: 139802 | AF33: 147174 | AG33: 142844 | AH33: 209201 | AI33: 232623 | AJ33: 236691 | AK33: 238718 | AL33: 232829 | AM33: 247620 | AN33: 237851 | AO33: 199867 | AP33: 178904 | AQ33: 155665 | AR33: 121749 | AS33: 148810 | AT33: 143541 | AU33: 165659
B34: # | C34: ATF
A35: =COUNT(B35:BT35) -> 46 | B35: =bsaiatf_data_2024!D190 -> 12921.3 | C35: =bsaiatf_data_2024!E190 -> 16527.6 | D35: =bsaiatf_data_2024!F190 -> 15401.7 | E35: =bsaiatf_data_2024!G190 -> 10366.2 | F35: =bsaiatf_data_2024!H190 -> 12572.1 | G35: =bsaiatf_data_2024!I190 -> 8506.8 | H35: =bsaiatf_data_2024!J190 -> 6702.3 | I35: =bsaiatf_data_2024!K190 -> 6462.9 | ... AU35: =bsaiatf_data_2024!AW190 -> 7013.9388
B36: #INGRID'snote(51) | C36: fishery | D36: catch | E36: 1979-2014 | F36: (with | G36: Kamchatka | H36: subtracted) | I36: (updated | J36: yrs | K36: back | L36: thru | M36: 2006 | N36: Oct | O36: 7 | P36: 2014 | Q36: used | R36: last | S36: yrs | T36: catchfor | U36: this | V36: yrs | W36: estimate) | X36: put | Y36: in | Z36: new | AA36: data | AB36: from | AC36: Table6.1
B37: ##__________________________________________________________
B38: #nyrs_fsh_comp | C38: : | D38: N | E38: age/size | F38: observations | G38: by | H38: spp
B39: ##__________________________________________________________
B40: =COUNT(B44:BD44) -> 45 | C40: 45 | D40: 45
B41: ##__________________________________________________________
B42: #yrs_fsh_comp | C42: : | D42: Yrs | E42: of | F42: obs | G42: by | H42: spp: | I42: # | J42: ATF | K42: (0j0 | L42: placeholder- | M42: needs | N42: to | O42: be | P42: filled | Q42: in | R42: with | S42: correct | T42: values)
B43: ##__________________________________________________________
A44: =COUNT(B44:BT44) -> 45 | B44: 1979 | C44: 1980 | D44: 1981 | E44: 1982 | F44: 1983 | G44: 1984 | H44: 1985 | I44: 1986 | J44: 1987 | K44: 1988 | L44: 1989 | M44: 1990 | N44: 1991 | O44: 1992 | P44: 1993 | Q44: 1994 | R44: 1995 | S44: 1996 | T44: 1997 | U44: 1998 | V44: 1999 | W44: 2000 | X44: 2001 | Y44: 2002 | Z44: 2003 | AA44: 2004 | AB44: 2005 | AC44: 2006 | AD44: 2007 | AE44: 2008 | AF44: 2009 | AG44: 2010 | AH44: 2011 | AI44: 2012 | AJ44: 2013 | AK44: 2014 | AL44: 2015 | AM44: 2016 | AN44: 2017 | AO44: 2018 | AP44: 2019 | AQ44: 2020 | AR44: 2021 | AS44: 2022 | AT44: 2023
A45: =COUNT(B45:BT45) -> 46 | B45: 1979 | C45: 1980 | D45: 1981 | E45: 1982 | F45: 1983 | G45: 1984 | H45: 1985 | I45: 1986 | J45: 1987 | K45: 1988 | L45: 1989 | M45: 1990 | N45: 1991 | O45: 1992 | P45: 1993 | Q45: 1994 | R45: 1995 | S45: 1996 | T45: 1997 | U45: 1998 | V45: 1999 | W45: 2000 | X45: 2001 | Y45: 2002 | Z45: 2003 | AA45: 2004 | AB45: 2005 | AC45: 2006 | AD45: 2007 | AE45: 2008 | AF45: 2009 | AG45: 2010 | AH45: 2011 | AI45: 2012 | AJ45: 2013 | AK45: 2014 | AL45: 2015 | AM45: 2016 | AN45: 2017 | AO45: 2018 | AP45: 2019 | AQ45: 2020 | AR45: 2021 | AS45: 2022 | AT45: 2023 | AU45: 2024
A46: =COUNT(B46:BT46) -> 45 | B46: 1979 | C46: 1980 | D46: 1981 | E46: 1982 | F46: 1983 | G46: 1984 | H46: 1985 | I46: 1986 | J46: 1987 | K46: 1988 | L46: 1990 | M46: 1991 | N46: 1992 | O46: 1993 | P46: 1994 | Q46: 1995 | R46: 1996 | S46: 1997 | T46: 1998 | U46: 1999 | V46: 2000 | W46: 2001 | X46: 2002 | Y46: 2003 | Z46: 2004 | AA46: 2005 | AB46: 2006 | AC46: 2007 | AD46: 2008 | AE46: 2009 | AF46: 2010 | AG46: 2011 | AH46: 2012 | AI46: 2013 | AJ46: 2014 | AK46: 2016 | AL46: 2018 | AM46: 2019 | AN46: 2020 | AO46: 2021 | AP46: 2022 | AQ46: 2020 | AR46: 2021 | AS46: 2022 | AT46: 2023
B47: ##__________________________________________________________
B48: #fsh_age_type | C48: : | D48: Type | E48: of | F48: fishery | G48: observation | H48: (age=1, | I48: lengths=2)
B49: ##__________________________________________________________
B50: 1
B51: 2
B52: 2
B53: ##__________________________________________________________
B54: #fsh_age_bins | C54: : | D54: bins | E54: for | F54: fishery | G54: age | H54: composition | I54: data
B55: ##__________________________________________________________
B56: 12
B57: 25
B58: 25
B59: ##__________________________________________________________
B60: #obs_catch | C60: : | D60: Observed | E60: catch | F60: (N)
B61: ##__________________________________________________________
A62: 1979 | B62: 82971 | C62: 444313 | D62: 588930 | E62: 343746 | F62: 321153 | G62: 176316 | H62: 46046 | I62: 21030 | J62: 29351 | K62: 22488 | L62: 14414 | M62: 9767 | N62: # | O62: 1979 | P62: 1
A63: 1980 | B63: 10161 | C63: 480923 | D63: 856212 | E63: 461236 | F63: 262269 | G63: 219432 | H63: 87081 | I63: 39105 | J63: 22622 | K63: 24878 | L63: 26468 | M63: 28435 | N63: # | O63: 1980 | P63: 2
A64: 1981 | B64: 655 | C64: 83024 | D64: 1164542 | E64: 733539 | F64: 261026 | G64: 118296 | H64: 59408 | I64: 34033 | J64: 18512 | K64: 10750 | L64: 8634 | M64: 8142 | N64: # | O64: 1981 | P64: 3
A65: 1982 | B65: 4602 | C65: 24560 | D65: 156400 | E65: 1135849 | F65: 409190 | G65: 100488 | H65: 34858 | I65: 34897 | J65: 20859 | K65: 8798 | L65: 5250 | M65: 5901 | N65: # | O65: 1982 | P65: 4
A66: 1983 | B66: 5114 | C66: 119598 | D66: 159132 | E66: 315652 | F66: 823909 | G66: 220127 | H66: 41772 | I66: 24930 | J66: 19978 | K66: 11195 | L66: 7665 | M66: 10629 | N66: # | O66: 1983 | P66: 5
A67: 1984 | B67: 1966 | C67: 42919 | D67: 83019 | E67: 403465 | F67: 460657 | G67: 612723 | H67: 125385 | I67: 33321 | J67: 23506 | K67: 14656 | L67: 6650 | M67: 8568 | N67: # | O67: 1984 | P67: 6
A68: 1985 | B68: 2504 | C68: 52256 | D68: 360967 | E68: 115286 | F68: 346292 | G68: 304397 | H68: 419635 | I68: 106493 | J68: 34631 | K68: 24452 | L68: 23506 | M68: 27681 | N68: # | O68: 1985 | P68: 7
A69: 1986 | B69: 2687 | C69: 74815 | D69: 80260 | E69: 651084 | F69: 186224 | G69: 328860 | H69: 192982 | I69: 186362 | J69: 51911 | K69: 13205 | L69: 2905 | M69: 3512 | N69: # | O69: 1986 | P69: 8
A70: 1987 | B70: 0.001 | C70: 21795 | D70: 122851 | E70: 85461 | F70: 455340 | G70: 152938 | H70: 134876 | I70: 99830 | J70: 272284 | K70: 59537 | L70: 42616 | M70: 70992 | N70: # | O70: 1987 | P70: 9
A71: 1988 | B71: 0.001 | C71: 8931 | D71: 380002 | E71: 352898 | F71: 211040 | G71: 455651 | H71: 188144 | I71: 87837 | J71: 32796 | K71: 81016 | L71: 15275 | M71: 21478 | N71: # | O71: 1988 | P71: 10
A72: 1989 | B72: 0.001 | C72: 4546 | D72: 52597 | E72: 142159 | F72: 430396 | G72: 159087 | H72: 545947 | I72: 91901 | J72: 98996 | K72: 30935 | L72: 123102 | M72: 22292 | N72: # | O72: 1989 | P72: 11
A73: 1990 | B73: 1429 | C73: 35916 | D73: 61995 | E73: 238875 | F73: 218459 | G73: 519968 | H73: 140627 | I73: 400979 | J73: 71510 | K73: 110913 | L73: 9839 | M73: 89727 | N73: # | O73: 1990 | P73: 12
A74: 1991 | B74: ='pm_24.dat '!B237/1000 -> 683.57769 | C74: ='pm_24.dat '!C237/1000 -> 112880.09 | D74: ='pm_24.dat '!D237/1000 -> 43777.914 | E74: ='pm_24.dat '!E237/1000 -> 90273.358 | F74: ='pm_24.dat '!F237/1000 -> 153872.05 | G74: ='pm_24.dat '!G237/1000 -> 184421.83 | H74: ='pm_24.dat '!H237/1000 -> 497488.47 | I74: ='pm_24.dat '!I237/1000 -> 78130.957 | ... L74: ='pm_24.dat '!L237/1000 -> 144079.92 | M74: =SUM('pm_24.dat '!M237:P237)/1000 -> 185938.59 | N74: # | O74: 1991 | P74: 13
A75: 1992 | B75: ='pm_24.dat '!B238/1000 -> 1102.6227 | C75: ='pm_24.dat '!C238/1000 -> 84678.15 | D75: ='pm_24.dat '!D238/1000 -> 675761.78 | E75: ='pm_24.dat '!E238/1000 -> 130066.98 | F75: ='pm_24.dat '!F238/1000 -> 79592.748 | G75: ='pm_24.dat '!G238/1000 -> 108673.59 | H75: ='pm_24.dat '!H238/1000 -> 133759.84 | I75: ='pm_24.dat '!I238/1000 -> 253630.16 | ... L75: ='pm_24.dat '!L238/1000 -> 57951.821 | M75: =SUM('pm_24.dat '!M238:P238)/1000 -> 138081.35 | N75: # | O75: 1992 | P75: 14
A76: 1993 | B76: ='pm_24.dat '!B239/1000 -> 66.176086 | C76: ='pm_24.dat '!C239/1000 -> 7426.3371 | D76: ='pm_24.dat '!D239/1000 -> 260512.45 | E76: ='pm_24.dat '!E239/1000 -> 1146678.4 | F76: ='pm_24.dat '!F239/1000 -> 102976.39 | G76: ='pm_24.dat '!G239/1000 -> 66160.522 | H76: ='pm_24.dat '!H239/1000 -> 66364.141 | I76: ='pm_24.dat '!I239/1000 -> 56464.135 | ... L76: ='pm_24.dat '!L239/1000 -> 32683.045 | M76: =SUM('pm_24.dat '!M239:P239)/1000 -> 48704.533 | N76: # | O76: 1993 | P76: 15
A77: 1994 | B77: ='pm_24.dat '!B240/1000 -> 749.51842 | C77: ='pm_24.dat '!C240/1000 -> 30188.764 | D77: ='pm_24.dat '!D240/1000 -> 55145.321 | E77: ='pm_24.dat '!E240/1000 -> 361151.31 | F77: ='pm_24.dat '!F240/1000 -> 1059660.1 | G77: ='pm_24.dat '!G240/1000 -> 175694.39 | H77: ='pm_24.dat '!H240/1000 -> 53531.42 | I77: ='pm_24.dat '!I240/1000 -> 19105.978 | ... L77: ='pm_24.dat '!L240/1000 -> 9715.2403 | M77: =SUM('pm_24.dat '!M240:P240)/1000 -> 29198.219 | N77: # | O77: 1994 | P77: 16
A78: 1995 | B78: ='pm_24.dat '!B241/1000 -> 0.01001 | C78: ='pm_24.dat '!C241/1000 -> 514.34873 | D78: ='pm_24.dat '!D241/1000 -> 72906.75 | E78: ='pm_24.dat '!E241/1000 -> 146786.65 | F78: ='pm_24.dat '!F241/1000 -> 395472.52 | G78: ='pm_24.dat '!G241/1000 -> 761106.42 | H78: ='pm_24.dat '!H241/1000 -> 136271.22 | I78: ='pm_24.dat '!I241/1000 -> 34575.493 | ... L78: ='pm_24.dat '!L241/1000 -> 17477.64 | M78: =SUM('pm_24.dat '!M241:P241)/1000 -> 21394.453 | N78: # | O78: 1995 | P78: 17
A79: 1996 | B79: ='pm_24.dat '!B242/1000 -> 0.01001 | C79: ='pm_24.dat '!C242/1000 -> 21661.749 | D79: ='pm_24.dat '!D242/1000 -> 48084.776 | E79: ='pm_24.dat '!E242/1000 -> 71786.097 | F79: ='pm_24.dat '!F242/1000 -> 160974.89 | G79: ='pm_24.dat '!G242/1000 -> 361906.14 | H79: ='pm_24.dat '!H242/1000 -> 481726.89 | I79: ='pm_24.dat '!I242/1000 -> 184638.42 | ... L79: ='pm_24.dat '!L242/1000 -> 7948.4999 | M79: =SUM('pm_24.dat '!M242:P242)/1000 -> 24288.277 | N79: # | O79: 1996 | P79: 18
A80: 1997 | B80: ='pm_24.dat '!B243/1000 -> 1030.6614 | C80: ='pm_24.dat '!C243/1000 -> 77692.163 | D80: ='pm_24.dat '!D243/1000 -> 40326.289 | E80: ='pm_24.dat '!E243/1000 -> 118974.61 | F80: ='pm_24.dat '!F243/1000 -> 455137.96 | G80: ='pm_24.dat '!G243/1000 -> 288956.82 | H80: ='pm_24.dat '!H243/1000 -> 256371.89 | I80: ='pm_24.dat '!I243/1000 -> 198555.21 | ... L80: ='pm_24.dat '!L243/1000 -> 5970.2666 | M80: =SUM('pm_24.dat '!M243:P243)/1000 -> 21441.74 | N80: # | O80: 1997 | P80: 19
A81: 1998 | B81: ='pm_24.dat '!B244/1000 -> 288.38788 | C81: ='pm_24.dat '!C244/1000 -> 42025.191 | D81: ='pm_24.dat '!D244/1000 -> 84532.244 | E81: ='pm_24.dat '!E244/1000 -> 70495.498 | F81: ='pm_24.dat '!F244/1000 -> 153354.72 | G81: ='pm_24.dat '!G244/1000 -> 702792.24 | H81: ='pm_24.dat '!H244/1000 -> 199570.19 | I81: ='pm_24.dat '!I244/1000 -> 131723.44 | ... L81: ='pm_24.dat '!L244/1000 -> 6145.3187 | M81: =SUM('pm_24.dat '!M244:P244)/1000 -> 15107.209 | N81: # | O81: 1998 | P81: 20
A82: 1999 | B82: ='pm_24.dat '!B245/1000 -> 232.57412 | C82: ='pm_24.dat '!C245/1000 -> 10347.392 | D82: ='pm_24.dat '!D245/1000 -> 298714.38 | E82: ='pm_24.dat '!E245/1000 -> 225033.34 | F82: ='pm_24.dat '!F245/1000 -> 103037.47 | G82: ='pm_24.dat '!G245/1000 -> 157017.99 | H82: ='pm_24.dat '!H245/1000 -> 469737.15 | I82: ='pm_24.dat '!I245/1000 -> 130998.45 | ... L82: ='pm_24.dat '!L245/1000 -> 3960.0798 | M82: =SUM('pm_24.dat '!M245:P245)/1000 -> 5579.2495 | N82: # | O82: 1999 | P82: 21
A83: 2000 | B83: ='pm_24.dat '!B246/1000 -> 0.01001 | C83: ='pm_24.dat '!C246/1000 -> 16076.8 | D83: ='pm_24.dat '!D246/1000 -> 82441.65 | E83: ='pm_24.dat '!E246/1000 -> 428501.22 | F83: ='pm_24.dat '!F246/1000 -> 346512.37 | G83: ='pm_24.dat '!G246/1000 -> 106681.58 | H83: ='pm_24.dat '!H246/1000 -> 168385.38 | I83: ='pm_24.dat '!I246/1000 -> 357715.95 | ... L83: ='pm_24.dat '!L246/1000 -> 22045.49 | M83: =SUM('pm_24.dat '!M246:P246)/1000 -> 8226.4442 | N83: # | O83: 2000 | P83: 22
A84: 2001 | B84: ='pm_24.dat '!B247/1000 -> 0.01001 | C84: ='pm_24.dat '!C247/1000 -> 3213.822 | D84: ='pm_24.dat '!D247/1000 -> 42795.561 | E84: ='pm_24.dat '!E247/1000 -> 154501.11 | F84: ='pm_24.dat '!F247/1000 -> 581039.83 | G84: ='pm_24.dat '!G247/1000 -> 415044.53 | H84: ='pm_24.dat '!H247/1000 -> 137184.79 | I84: ='pm_24.dat '!I247/1000 -> 129002.92 | ... L84: ='pm_24.dat '!L247/1000 -> 33643.742 | M84: =SUM('pm_24.dat '!M247:P247)/1000 -> 26731.477 | N84: # | O84: 2001 | P84: 23
A85: 2002 | B85: ='pm_24.dat '!B248/1000 -> 773.33607 | C85: ='pm_24.dat '!C248/1000 -> 47047.125 | D85: ='pm_24.dat '!D248/1000 -> 108051.66 | E85: ='pm_24.dat '!E248/1000 -> 217818.12 | F85: ='pm_24.dat '!F248/1000 -> 287550.1 | G85: ='pm_24.dat '!G248/1000 -> 606330.9 | H85: ='pm_24.dat '!H248/1000 -> 267955.75 | I85: ='pm_24.dat '!I248/1000 -> 98464.239 | ... L85: ='pm_24.dat '!L248/1000 -> 34608.141 | M85: =SUM('pm_24.dat '!M248:P248)/1000 -> 30216 | N85: # | O85: 2002 | P85: 24
... A106: 2023 | B106: ='pm_24.dat '!B269/1000 -> 0 | C106: ='pm_24.dat '!C269/1000 -> 25232.199 | D106: ='pm_24.dat '!D269/1000 -> 86614.446 | E106: ='pm_24.dat '!E269/1000 -> 263022.8 | F106: ='pm_24.dat '!F269/1000 -> 1473087.6 | G106: ='pm_24.dat '!G269/1000 -> 227246.26 | H106: ='pm_24.dat '!H269/1000 -> 29365.171 | I106: ='pm_24.dat '!I269/1000 -> 45350.426 | ... L106: ='pm_24.dat '!L269/1000 -> 18819.885 | M106: =SUM('pm_24.dat '!M269:P269)/1000 -> 16949.999 | N106: # | O106: 2022 | P106: 44
B107: #9 | C107: 12 | D107: 15 | E107: 18 | F107: 21 | G107: 24 | H107: 27 | I107: 30 | J107: 33 | K107: 36 | L107: 39 | M107: 42 | N107: 45 | O107: 50 | P107: 55 | Q107: 60 | R107: 65 | S107: 70 | T107: 75 | U107: 80 | V107: 85 | W107: 90 | X107: 95 | Y107: 100 | Z107: 105
B108: # | C108: Pcod | D108: length
A109: 1979 | B109: =[1]Sheet1!L97 -> 0 | C109: =[1]Sheet1!M97 -> 0 | D109: =[1]Sheet1!N97 -> 0 | E109: =[1]Sheet1!O97 -> 0 | F109: =[1]Sheet1!P97 -> 0 | G109: =[1]Sheet1!Q97 -> 0.000164069 | H109: =[1]Sheet1!R97 -> 0.00107643 | I109: =[1]Sheet1!S97 -> 0.002545203 | ... Z109: =[1]Sheet1!AJ97 -> 1.8e-05 | AA109: # | AB109: 1979 | AC109: 1 | AD109: 0.99999999 | AE109: 17072
A110: 1980 | B110: =[1]Sheet1!L98 -> 0 | C110: =[1]Sheet1!M98 -> 0 | D110: =[1]Sheet1!N98 -> 0 | E110: =[1]Sheet1!O98 -> 0 | F110: =[1]Sheet1!P98 -> 0 | G110: =[1]Sheet1!Q98 -> 1.25e-05 | H110: =[1]Sheet1!R98 -> 0.003214466 | I110: =[1]Sheet1!S98 -> 0.01148916 | ... Z110: =[1]Sheet1!AJ98 -> 2.08e-05 | AA110: # | AB110: 1980 | AC110: 2 | AD110: 0.99999989 | AE110: 14963
A111: 1981 | B111: =[1]Sheet1!L99 -> 0 | C111: =[1]Sheet1!M99 -> 0 | D111: =[1]Sheet1!N99 -> 7.81e-05 | E111: =[1]Sheet1!O99 -> 0.000308578 | F111: =[1]Sheet1!P99 -> 0.0002495 | G111: =[1]Sheet1!Q99 -> 0.000737111 | H111: =[1]Sheet1!R99 -> 0.002506122 | I111: =[1]Sheet1!S99 -> 0.01466052 | ... Z111: =[1]Sheet1!AJ99 -> 2.67e-05 | AA111: # | AB111: 1981 | AC111: 3 | AD111: 1 | AE111: 10729
A112: 1982 | B112: =[1]Sheet1!L100 -> 0 | C112: =[1]Sheet1!M100 -> 0 | D112: =[1]Sheet1!N100 -> 0 | E112: =[1]Sheet1!O100 -> 0 | F112: =[1]Sheet1!P100 -> 0.00023744 | G112: =[1]Sheet1!Q100 -> 5.03e-06 | H112: =[1]Sheet1!R100 -> 0.000247498 | I112: =[1]Sheet1!S100 -> 0.001396354 | ... Z112: =[1]Sheet1!AJ100 -> 0.000395087 | AA112: # | AB112: 1982 | AC112: 4 | AD112: 1.0000001 | AE112: 13423
A113: 1983 | B113: =[1]Sheet1!L101 -> 0 | C113: =[1]Sheet1!M101 -> 0 | D113: =[1]Sheet1!N101 -> 0 | E113: =[1]Sheet1!O101 -> 0 | F113: =[1]Sheet1!P101 -> 0.000349023 | G113: =[1]Sheet1!Q101 -> 0.000916083 | H113: =[1]Sheet1!R101 -> 0.002115087 | I113: =[1]Sheet1!S101 -> 0.002154918 | ... Z113: =[1]Sheet1!AJ101 -> 1.231e-05 | AA113: # | AB113: 1983 | AC113: 5 | AD113: 0.99999973 | AE113: 56692
A114: 1984 | B114: =[1]Sheet1!L102 -> 0.000156688 | C114: =[1]Sheet1!M102 -> 1.91e-05 | D114: =[1]Sheet1!N102 -> 0.000300179 | E114: =[1]Sheet1!O102 -> 0.002095754 | F114: =[1]Sheet1!P102 -> 0.00585114 | G114: =[1]Sheet1!Q102 -> 0.01775062 | H114: =[1]Sheet1!R102 -> 0.03087268 | I114: =[1]Sheet1!S102 -> 0.0346649 | ... Z114: =[1]Sheet1!AJ102 -> 8.797e-05 | AA114: # | AB114: 1984 | AC114: 6 | AD114: 0.99999994 | AE114: 138445
A115: 1985 | B115: =[1]Sheet1!L103 -> 0 | C115: =[1]Sheet1!M103 -> 6.1e-06 | D115: =[1]Sheet1!N103 -> 6.1e-06 | E115: =[1]Sheet1!O103 -> 0 | F115: =[1]Sheet1!P103 -> 2.116e-05 | G115: =[1]Sheet1!Q103 -> 0 | H115: =[1]Sheet1!R103 -> 0.00010191 | I115: =[1]Sheet1!S103 -> 0.001169142 | ... Z115: =[1]Sheet1!AJ103 -> 0.000190054 | AA115: # | AB115: 1985 | AC115: 7 | AD115: 0.99999994 | AE115: 204686
A116: 1986 | B116: =[1]Sheet1!L104 -> 3.56e-06 | C116: =[1]Sheet1!M104 -> 1.78e-05 | D116: =[1]Sheet1!N104 -> 0.0001415 | E116: =[1]Sheet1!O104 -> 0.0001534 | F116: =[1]Sheet1!P104 -> 0.00048807 | G116: =[1]Sheet1!Q104 -> 0.00696957 | H116: =[1]Sheet1!R104 -> 0.01357545 | I116: =[1]Sheet1!S104 -> 0.02425163 | ... Z116: =[1]Sheet1!AJ104 -> 0.001324751 | AA116: # | AB116: 1986 | AC116: 8 | AD116: 1.0000003 | AE116: 178623
A117: 1987 | B117: =[1]Sheet1!L105 -> 0 | C117: =[1]Sheet1!M105 -> 2.222e-05 | D117: =[1]Sheet1!N105 -> 0.000296779 | E117: =[1]Sheet1!O105 -> 0.00113305 | F117: =[1]Sheet1!P105 -> 0.00146117 | G117: =[1]Sheet1!Q105 -> 0.001506987 | H117: =[1]Sheet1!R105 -> 0.00520627 | I117: =[1]Sheet1!S105 -> 0.01339593 | ... Z117: =[1]Sheet1!AJ105 -> 0.00072912 | AA117: # | AB117: 1987 | AC117: 9 | AD117: 0.99999988 | AE117: 340561
A118: 1988 | B118: =[1]Sheet1!L106 -> 5.6e-05 | C118: =[1]Sheet1!M106 -> 0.0001833 | D118: =[1]Sheet1!N106 -> 0.000411878 | E118: =[1]Sheet1!O106 -> 0.000282634 | F118: =[1]Sheet1!P106 -> 0.000177006 | G118: =[1]Sheet1!Q106 -> 0.000344863 | H118: =[1]Sheet1!R106 -> 0.001557016 | I118: =[1]Sheet1!S106 -> 0.01007577 | ... Z118: =[1]Sheet1!AJ106 -> 0.000985592 | AA118: # | AB118: 1988 | AC118: 10 | AD118: 0.99999983 | AE118: 105626
A119: 1989 | B119: =[1]Sheet1!L107 -> 0 | C119: =[1]Sheet1!M107 -> 0 | D119: =[1]Sheet1!N107 -> 6.625e-05 | E119: =[1]Sheet1!O107 -> 0.000127088 | F119: =[1]Sheet1!P107 -> 8.73e-06 | G119: =[1]Sheet1!Q107 -> 4.67e-05 | H119: =[1]Sheet1!R107 -> 0.001519317 | I119: =[1]Sheet1!S107 -> 0.00459053 | ... Z119: =[1]Sheet1!AJ107 -> 0.001983027 | AA119: # | AB119: 1989 | AC119: 11 | AD119: 1.0000003 | AE119: 70009
A120: 1990 | B120: =[1]Sheet1!L108 -> 0 | C120: =[1]Sheet1!M108 -> 0 | D120: =[1]Sheet1!N108 -> 7.7e-06 | E120: =[1]Sheet1!O108 -> 1.83e-05 | F120: =[1]Sheet1!P108 -> 0 | G120: =[1]Sheet1!Q108 -> 0.000987794 | H120: =[1]Sheet1!R108 -> 0.00605312 | I120: =[1]Sheet1!S108 -> 0.0094512 | ... Z120: =[1]Sheet1!AJ108 -> 0.001761271 | AA120: # | AB120: 1990 | AC120: 12 | AD120: 0.99995765 | AE120: 260939
...

Sheet bts_wt_age biom table
B1: 1982 | C1: 1983 | D1: 1984 | E1: 1985 | F1: 1986 | G1: 1987 | H1: 1988 | I1: 1989 | J1: 1990 | K1: 1991 | L1: 1992 | M1: 1993 | N1: 1994 | O1: 1995 | P1: 1996 | Q1: 1997 | R1: 1998 | S1: 1999 | T1: 2000 | U1: 2001 | V1: 2002 | W1: 2003 | X1: 2004 | Y1: 2005 | Z1: 2006 | AA1: 2007 | AB1: 2008 | AC1: 2009 | AD1: 2010 | AE1: 2011 | AF1: 2012 | AG1: 2013 | AH1: 2014 | AI1: 2015 | AJ1: 2016 | AK1: 2017 | AL1: 2018 | AM1: 2019 | AN1: 2020 | AO1: 2021 | AP1: 2022 | AQ1: 2023 | AR1: 2024
A2: 1 | B2: 0.026205768 | C2: 0.016466601 | D2: 0.016306697 | E2: 0.017032291 | F2: 0.012679101 | G2: 0.025633854 | H2: 0.016132698 | I2: 0.018833545 | J2: 0.014413264 | K2: 0.020605993 | L2: 0.016772385 | M2: 0.012209558 | N2: 0.017732801 | O2: 0.017411934 | P2: 0.018715707 | Q2: 0.015412472 | R2: 0.014883778 | S2: 0.013097441 | T2: 0.01163705 | U2: 0.014819032 | V2: 0.012825707 | W2: 0.021351905 | X2: 0.019468921 | Y2: 0.020195643 | Z2: 0.0093771808 | AA2: 0.012513048 | AB2: 0.012618844 | AC2: 0.011047579 | AD2: 0.017537099 | AE2: 0.014907673 | AF2: 0.013099156 | AG2: 0.015229169 | AH2: 0.01660691 | AI2: 0.017457807 | AJ2: 0.021930009 | AK2: 0.020955314 | AL2: 0.022427235 | AM2: 0.021557386 | AN2: NA | AO2: 0.022498681 | AP2: 0.017285352 | AQ2: 0.016290283 | AR2: 0.017541583
A3: 2 | B3: 0.077368661 | C3: 0.10462804 | D3: 0.067560013 | E3: 0.082113337 | F3: 0.062722585 | G3: 0.10646168 | H3: 0.095171865 | I3: 0.08966227 | J3: 0.17105639 | K3: 0.13638904 | L3: 0.12973221 | M3: 0.10251026 | N3: 0.089098398 | O3: 0.063233781 | P3: 0.080421813 | Q3: 0.083028837 | R3: 0.076274765 | S3: 0.090593728 | T3: 0.090123893 | U3: 0.075871477 | V3: 0.093839211 | W3: 0.11382482 | X3: 0.10359455 | Y3: 0.10749329 | Z3: 0.099581012 | AA3: 0.10292719 | AB3: 0.060552625 | AC3: 0.066319807 | AD3: 0.084274743 | AE3: 0.082344511 | AF3: 0.079277365 | AG3: 0.080877861 | AH3: 0.11396832 | AI3: 0.087281454 | AJ3: 0.08192566 | AK3: 0.10407452 | AL3: 0.095396352 | AM3: 0.1133557 | AN3: NA | AO3: 0.10247386 | AP3: 0.11726235 | AQ3: 0.11730159 | AR3: 0.094822856
A4: 3 | B4: 0.17984088 | C4: 0.18543452 | D4: 0.19641513 | E4: 0.21258432 | F4: 0.14505392 | G4: 0.24569976 | H4: 0.27475098 | I4: 0.16816857 | J4: 0.18121031 | K4: 0.19937224 | L4: 0.29996991 | M4: 0.28949641 | N4: 0.22785764 | O4: 0.1453353 | P4: 0.15087054 | Q4: 0.20099867 | R4: 0.19454517 | S4: 0.2055833 | T4: 0.2314951 | U4: 0.18016288 | V4: 0.25933848 | W4: 0.28777277 | X4: 0.28146998 | Y4: 0.23754159 | Z4: 0.18948028 | AA4: 0.28960623 | AB4: 0.25535378 | AC4: 0.24992973 | AD4: 0.266088 | AE4: 0.22974241 | AF4: 0.20164657 | AG4: 0.21232816 | AH4: 0.25779955 | AI4: 0.33240677 | AJ4: 0.2988499 | AK4: 0.25368745 | AL4: 0.22572931 | AM4: 0.29701389 | AN4: NA | AO4: 0.23874587 | AP4: 0.26733573 | AQ4: 0.2713962 | AR4: 0.32923136
A5: 4 | B5: 0.36696323 | C5: 0.36118307 | D5: 0.3066841 | E5: 0.33632738 | F5: 0.32711326 | G5: 0.2938431 | H5: 0.32317442 | I5: 0.3052703 | J5: 0.35206067 | K5: 0.35376235 | L5: 0.40907179 | M5: 0.46988783 | N5: 0.41442535 | O5: 0.33988342 | P5: 0.2996725 | Q5: 0.3000881 | R5: 0.31556663 | S5: 0.36341935 | T5: 0.43161498 | U5: 0.37537758 | V5: 0.38673792 | W5: 0.4509592 | X5: 0.44964078 | Y5: 0.41234005 | Z5: 0.43836275 | AA5: 0.51464886 | AB5: 0.4739998 | AC5: 0.50350272 | AD5: 0.51878576 | AE5: 0.51185188 | AF5: 0.42138328 | AG5: 0.50512228 | AH5: 0.4508754 | AI5: 0.44892155 | AJ5: 0.53027141 | AK5: 0.47203782 | AL5: 0.43454262 | AM5: 0.50094768 | AN5: NA | AO5: 0.44695999 | AP5: 0.44318865 | AQ5: 0.41687565 | AR5: 0.47575692
A6: 5 | B6: 0.54007477 | C6: 0.52095706 | D6: 0.48488267 | E6: 0.47324341 | F6: 0.41958098 | G6: 0.42630492 | H6: 0.42643289 | I6: 0.39071365 | J6: 0.43324723 | K6: 0.56350199 | L6: 0.50467969 | M6: 0.52522104 | N6: 0.57280505 | O6: 0.48033316 | P6: 0.50891045 | Q6: 0.36966814 | R6: 0.45714747 | S6: 0.4199386 | T6: 0.47182515 | U6: 0.54885313 | V6: 0.53331987 | W6: 0.64469695 | X6: 0.59186643 | Y6: 0.55378122 | Z6: 0.61177803 | AA6: 0.63919194 | AB6: 0.61003273 | AC6: 0.69671087 | AD6: 0.69009797 | AE6: 0.66165794 | AF6: 0.61116787 | AG6: 0.58176434 | AH6: 0.58217254 | AI6: 0.59033473 | AJ6: 0.60493638 | AK6: 0.63360879 | AL6: 0.59955499 | AM6: 0.63674065 | AN6: NA | AO6: 0.58457981 | AP6: 0.59097485 | AQ6: 0.53343194 | AR6: 0.57828802
A7: 6 | B7: 0.89063094 | C7: 0.71594416 | D7: 0.59752616 | E7: 0.68096711 | F7: 0.61127764 | G7: 0.52330365 | H7: 0.50128528 | I7: 0.5050153 | J7: 0.5450222 | K7: 0.6379421 | L7: 0.58947543 | M7: 0.64543159 | N7: 0.70886324 | O7: 0.65684408 | P7: 0.63350346 | Q7: 0.606303 | R7: 0.52549741 | S7: 0.57229012 | T7: 0.5667108 | U7: 0.69227147 | V7: 0.67867991 | W7: 0.75425557 | X7: 0.72534733 | Y7: 0.66987158 | Z7: 0.68941212 | AA7: 0.80280689 | AB7: 0.74239033 | AC7: 0.79058751 | AD7: 0.88848653 | AE7: 0.77502012 | AF7: 0.77438196 | AG7: 0.73618254 | AH7: 0.72889452 | AI7: 0.68935601 | AJ7: 0.70050391 | AK7: 0.67283381 | AL7: 0.69586606 | AM7: 0.74142539 | AN7: NA | AO7: 0.71277143 | AP7: 0.70946782 | AQ7: 0.66030587 | AR7: 0.61925246
A8: 7 | B8: 1.2037654 | C8: 1.0203394 | D8: 0.93047187 | E8: 0.89133258 | F8: 0.81913046 | G8: 0.69169736 | H8: 0.66056901 | I8: 0.71004224 | J8: 0.6225819 | K8: 0.72004131 | L8: 0.77752687 | M8: 0.73919061 | N8: 0.7468426 | O8: 0.68022791 | P8: 0.78004482 | Q8: 0.74987458 | R8: 0.84027327 | S8: 0.68535041 | T8: 0.70561069 | U8: 0.80503042 | V8: 0.74603497 | W8: 0.83725454 | X8: 0.84710008 | Y8: 0.84306257 | Z8: 0.82408302 | AA8: 0.9053002 | AB8: 0.86404742 | AC8: 0.99411663 | AD8: 1.0839435 | AE8: 0.9243594 | AF8: 0.92079347 | AG8: 0.97732284 | AH8: 0.80253578 | AI8: 0.79507287 | AJ8: 0.77865003 | AK8: 0.75734475 | AL8: 0.77650392 | AM8: 0.83064097 | AN8: NA | AO8: 0.80419877 | AP8: 0.78059251 | AQ8: 0.80251332 | AR8: 0.70358279
A9: 8 | B9: 1.364783 | C9: 1.3065892 | D9: 1.3781208 | E9: 1.2315979 | F9: 1.0295669 | G9: 0.8256326 | H9: 0.87735348 | I9: 0.80356768 | J9: 0.76155811 | K9: 0.81701103 | L9: 0.86999925 | M9: 0.8663609 | N9: 1.0865222 | O9: 0.89685029 | P9: 0.87126711 | Q9: 0.86803151 | R9: 0.93873483 | S9: 0.8997229 | T9: 0.79994726 | U9: 0.87329105 | V9: 0.92029674 | W9: 0.96355008 | X9: 0.96588869 | Y9: 0.95761748 | Z9: 0.90074247 | AA9: 1.0275735 | AB9: 0.99537623 | AC9: 1.107127 | AD9: 1.1810656 | AE9: 1.0967371 | AF9: 1.1325587 | AG9: 1.1637561 | AH9: 1.1136074 | AI9: 0.92242361 | AJ9: 0.83573939 | AK9: 0.82078781 | AL9: 0.82630539 | AM9: 0.94639468 | AN9: NA | AO9: 0.85590952 | AP9: 0.88119506 | AQ9: 0.93535797 | AR9: 0.94511421
A10: 9 | B10: 1.5027682 | C10: 1.5105197 | D10: 1.5135626 | E10: 1.6494576 | F10: 1.3097433 | G10: 0.97431407 | H10: 0.8901678 | I10: 1.0999788 | J10: 0.89588118 | K10: 0.98209054 | L10: 0.97166959 | M10: 1.0621986 | N10: 1.3033178 | O10: 1.0749126 | P10: 1.0274454 | Q10: 1.1443025 | R10: 1.0123137 | S10: 1.1090659 | T10: 0.94677266 | U10: 0.95773301 | V10: 1.0333868 | W10: 1.0391813 | X10: 1.0764127 | Y10: 1.0186008 | Z10: 1.0494042 | AA10: 1.1223743 | AB10: 1.0655211 | AC10: 1.1793418 | AD10: 1.2236275 | AE10: 1.2319079 | AF10: 1.3091591 | AG10: 1.3240097 | AH10: 1.2459001 | AI10: 1.2163205 | AJ10: 0.94074927 | AK10: 0.90365743 | AL10: 0.93655477 | AM10: 0.95985969 | AN10: NA | AO10: 0.98023943 | AP10: 0.97573352 | AQ10: 0.96296479 | AR10: 1.0050599
A11: 10 | B11: 1.6698665 | C11: 1.5784693 | D11: 1.7310354 | E11: 1.6080991 | F11: 1.6253411 | G11: 1.180509 | H11: 1.1079468 | I11: 1.0887268 | J11: 1.1052711 | K11: 1.0800511 | L11: 1.080256 | M11: 1.0990736 | N11: 1.2357686 | O11: 1.3630232 | P11: 1.1666849 | Q11: 1.2174555 | R11: 1.0868388 | S11: 1.1608222 | T11: 1.1941958 | U11: 1.0988387 | V11: 1.1270085 | W11: 1.2105844 | X11: 1.1468187 | Y11: 1.0822203 | Z11: 1.1771019 | AA11: 1.3919689 | AB11: 1.1997013 | AC11: 1.4432049 | AD11: 1.3106357 | AE11: 1.2770545 | AF11: 1.3793823 | AG11: 1.4148139 | AH11: 1.4623503 | AI11: 1.2428098 | AJ11: 0.99969551 | AK11: 0.92189874 | AL11: 0.95807751 | AM11: 1.0437957 | AN11: NA | AO11: 1.1501008 | AP11: 1.0701158 | AQ11: 1.0104949 | AR11: 1.0410179
A12: 11 | B12: 1.8208868 | C12: 1.6312528 | D12: 1.8698851 | E12: 1.7214547 | F12: 1.7353881 | G12: 1.4936964 | H12: 1.3440926 | I12: 1.2255464 | J12: 1.1424814 | K12: 1.3277349 | L12: 1.2259851 | M12: 1.2925776 | N12: 1.3463449 | O12: 1.3076588 | P12: 1.386758 | Q12: 1.3488556 | R12: 1.2627064 | S12: 1.3005269 | T12: 1.4278748 | U12: 1.3232088 | V12: 1.1459054 | W12: 1.2187947 | X12: 1.1919267 | Y12: 1.3357433 | Z12: 1.2602828 | AA12: 1.3485866 | AB12: 1.4778601 | AC12: 1.5245784 | AD12: 1.431439 | AE12: 1.425958 | AF12: 1.4175076 | AG12: 1.5147019 | AH12: 1.7057377 | AI12: 1.5838626 | AJ12: 1.2142131 | AK12: 1.0767442 | AL12: 1.0842715 | AM12: 1.0124746 | AN12: NA | AO12: 1.0649628 | AP12: 1.3270858 | AQ12: 1.1503332 | AR12: 1.1376507
A13: 12 | B13: 1.8721143 | C13: 1.5707959 | D13: 1.8518142 | E13: 2.0162688 | F13: 1.9396121 | G13: 1.5168686 | H13: 1.3842114 | I13: 1.3119255 | J13: 1.311178 | K13: 1.4135751 | L13: 1.4716865 | M13: 1.4077627 | N13: 1.440092 | O13: 1.4014582 | P13: 1.5029126 | Q13: 1.5321503 | R13: 1.3974489 | S13: 1.3743154 | T13: 1.469941 | U13: 1.535166 | V13: 1.4447697 | W13: 1.4005883 | X13: 1.3048036 | Y13: 1.2801052 | Z13: 1.3780133 | AA13: 1.3854663 | AB13: 1.4311636 | AC13: 1.6869991 | AD13: 1.5994659 | AE13: 1.4890254 | AF13: 1.480601 | AG13: 1.5422469 | AH13: 1.6186681 | AI13: 1.5267266 | AJ13: 1.5942525 | AK13: 1.0311737 | AL13: 0.93573701 | AM13: 1.0564222 | AN13: NA | AO13: 1.1514638 | AP13: 1.3051274 | AQ13: 1.1402658 | AR13: 1.2058032
A14: 13 | B14: 2.1519164 | C14: 1.8129217 | D14: 1.9701182 | E14: 2.1048368 | F14: 2.2206108 | G14: 1.9276495 | H14: 1.9046605 | I14: 1.2899614 | J14: 1.3755016 | K14: 1.5711976 | L14: 1.6762203 | M14: 1.6075729 | N14: 1.4919087 | O14: 1.5174323 | P14: 1.6643796 | Q14: 1.6015124 | R14: 1.5188572 | S14: 1.8227476 | T14: 1.7141411 | U14: 1.6147609 | V14: 1.6310633 | W14: 1.5918506 | X14: 1.5072477 | Y14: 1.3045111 | Z14: 1.4481496 | AA14: 1.6990055 | AB14: 1.6502071 | AC14: 1.9426008 | AD14: 1.8183168 | AE14: 1.6109203 | AF14: 1.5438559 | AG14: 1.6925614 | AH14: 1.711729 | AI14: 1.4931582 | AJ14: 1.4009801 | AK14: 1.2739006 | AL14: 1.5071627 | AM14: 1.0424254 | AN14: NA | AO14: 1.3125886 | AP14: 1.3562492 | AQ14: 1.4628117 | AR14: 1.3140829
A15: 14 | B15: 1.8248515 | C15: 1.5555355 | D15: 1.7446386 | E15: 1.8017956 | F15: 2.2816761 | G15: 2.2288837 | H15: 1.1603828 | I15: 1.2903494 | J15: 1.4868107 | K15: 1.8148823 | L15: 1.7302859 | M15: 1.6890831 | N15: 1.6707974 | O15: 1.5107963 | P15: 1.6924256 | Q15: 1.6218681 | R15: 1.8966153 | S15: 1.7903409 | T15: 1.7669192 | U15: 1.8138578 | V15: 1.7958417 | W15: 1.5283883 | X15: 1.8070748 | Y15: 1.4828079 | Z15: 1.4361417 | AA15: 1.5937535 | AB15: 1.7922242 | AC15: 2.2266515 | AD15: 2.1394781 | AE15: 1.7573364 | AF15: 1.8390102 | AG15: 1.9132571 | AH15: 1.9325002 | AI15: 1.5547109 | AJ15: 1.6820231 | AK15: 1.1479984 | AL15: NA | AM15: 1.2825423 | AN15: NA | AO15: 1.0260876 | AP15: 1.2389392 | AQ15: 1.8926323 | AR15: 1.435522
A16: 15 | B16: 2.6626429 | C16: 1.9861618 | D16: 2.124745 | E16: 2.4895723 | F16: NA | G16: 2.3730768 | H16: 1.7444947 | I16: 1.4807348 | J16: 1.777957 | K16: 1.9797202 | L16: 1.6934578 | M16: 1.8109887 | N16: 1.7429204 | O16: 1.7658965 | P16: 1.8215122 | Q16: 1.7962072 | R16: 1.9089077 | S16: 2.08579 | T16: 2.0164592 | U16: 1.9689663 | V16: 1.9792397 | W16: 1.8675554 | X16: 1.8272597 | Y16: 1.6038479 | Z16: 1.5094692 | AA16: 1.6582967 | AB16: 1.8772479 | AC16: 2.3172332 | AD16: 2.4438841 | AE16: 2.0580836 | AF16: 2.0709839 | AG16: 1.996012 | AH16: 1.9968602 | AI16: 1.8107581 | AJ16: 1.4709501 | AK16: 1.5489652 | AL16: 1.5194146 | AM16: NA | AN16: NA | AO16: 1.3824833 | AP16: 1.8623408 | AQ16: 1.5068638 | AR16: 1.7913662
A21: {=TRANSPOSE(A1:AR16)} -> 0 | B21: 1 | C21: 2 | D21: 3 | E21: 4 | F21: 5 | G21: 6 | H21: 7 | I21: 8 | J21: 9 | K21: 10 | L21: 11 | M21: 12 | N21: 13 | O21: 14 | P21: 15
A22: 1982 | B22: 0.026205768 | C22: 0.077368661 | D22: 0.17984088 | E22: 0.36696323 | F22: 0.54007477 | G22: 0.89063094 | H22: 1.2037654 | I22: 1.364783 | J22: 1.5027682 | K22: 1.6698665 | L22: 1.8208868 | M22: 1.8721143 | N22: 2.1519164 | O22: 1.8248515 | P22: 2.6626429
A23: 1983 | B23: 0.016466601 | C23: 0.10462804 | D23: 0.18543452 | E23: 0.36118307 | F23: 0.52095706 | G23: 0.71594416 | H23: 1.0203394 | I23: 1.3065892 | J23: 1.5105197 | K23: 1.5784693 | L23: 1.6312528 | M23: 1.5707959 | N23: 1.8129217 | O23: 1.5555355 | P23: 1.9861618
A24: 1984 | B24: 0.016306697 | C24: 0.067560013 | D24: 0.19641513 | E24: 0.3066841 | F24: 0.48488267 | G24: 0.59752616 | H24: 0.93047187 | I24: 1.3781208 | J24: 1.5135626 | K24: 1.7310354 | L24: 1.8698851 | M24: 1.8518142 | N24: 1.9701182 | O24: 1.7446386 | P24: 2.124745
A25: 1985 | B25: 0.017032291 | C25: 0.082113337 | D25: 0.21258432 | E25: 0.33632738 | F25: 0.47324341 | G25: 0.68096711 | H25: 0.89133258 | I25: 1.2315979 | J25: 1.6494576 | K25: 1.6080991 | L25: 1.7214547 | M25: 2.0162688 | N25: 2.1048368 | O25: 1.8017956 | P25: 2.4895723
A26: 1986 | B26: 0.012679101 | C26: 0.062722585 | D26: 0.14505392 | E26: 0.32711326 | F26: 0.41958098 | G26: 0.61127764 | H26: 0.81913046 | I26: 1.0295669 | J26: 1.3097433 | K26: 1.6253411 | L26: 1.7353881 | M26: 1.9396121 | N26: 2.2206108 | O26: 2.2816761 | P26: NA
A27: 1987 | B27: 0.025633854 | C27: 0.10646168 | D27: 0.24569976 | E27: 0.2938431 | F27: 0.42630492 | G27: 0.52330365 | H27: 0.69169736 | I27: 0.8256326 | J27: 0.97431407 | K27: 1.180509 | L27: 1.4936964 | M27: 1.5168686 | N27: 1.9276495 | O27: 2.2288837 | P27: 2.3730768
A28: 1988 | B28: 0.016132698 | C28: 0.095171865 | D28: 0.27475098 | E28: 0.32317442 | F28: 0.42643289 | G28: 0.50128528 | H28: 0.66056901 | I28: 0.87735348 | J28: 0.8901678 | K28: 1.1079468 | L28: 1.3440926 | M28: 1.3842114 | N28: 1.9046605 | O28: 1.1603828 | P28: 1.7444947
A29: 1989 | B29: 0.018833545 | C29: 0.08966227 | D29: 0.16816857 | E29: 0.3052703 | F29: 0.39071365 | G29: 0.5050153 | H29: 0.71004224 | I29: 0.80356768 | J29: 1.0999788 | K29: 1.0887268 | L29: 1.2255464 | M29: 1.3119255 | N29: 1.2899614 | O29: 1.2903494 | P29: 1.4807348
A30: 1990 | B30: 0.014413264 | C30: 0.17105639 | D30: 0.18121031 | E30: 0.35206067 | F30: 0.43324723 | G30: 0.5450222 | H30: 0.6225819 | I30: 0.76155811 | J30: 0.89588118 | K30: 1.1052711 | L30: 1.1424814 | M30: 1.311178 | N30: 1.3755016 | O30: 1.4868107 | P30: 1.777957
A31: 1991 | B31: 0.020605993 | C31: 0.13638904 | D31: 0.19937224 | E31: 0.35376235 | F31: 0.56350199 | G31: 0.6379421 | H31: 0.72004131 | I31: 0.81701103 | J31: 0.98209054 | K31: 1.0800511 | L31: 1.3277349 | M31: 1.4135751 | N31: 1.5711976 | O31: 1.8148823 | P31: 1.9797202
A32: 1992 | B32: 0.016772385 | C32: 0.12973221 | D32: 0.29996991 | E32: 0.40907179 | F32: 0.50467969 | G32: 0.58947543 | H32: 0.77752687 | I32: 0.86999925 | J32: 0.97166959 | K32: 1.080256 | L32: 1.2259851 | M32: 1.4716865 | N32: 1.6762203 | O32: 1.7302859 | P32: 1.6934578
A33: 1993 | B33: 0.012209558 | C33: 0.10251026 | D33: 0.28949641 | E33: 0.46988783 | F33: 0.52522104 | G33: 0.64543159 | H33: 0.73919061 | I33: 0.8663609 | J33: 1.0621986 | K33: 1.0990736 | L33: 1.2925776 | M33: 1.4077627 | N33: 1.6075729 | O33: 1.6890831 | P33: 1.8109887
A34: 1994 | B34: 0.017732801 | C34: 0.089098398 | D34: 0.22785764 | E34: 0.41442535 | F34: 0.57280505 | G34: 0.70886324 | H34: 0.7468426 | I34: 1.0865222 | J34: 1.3033178 | K34: 1.2357686 | L34: 1.3463449 | M34: 1.440092 | N34: 1.4919087 | O34: 1.6707974 | P34: 1.7429204
A35: 1995 | B35: 0.017411934 | C35: 0.063233781 | D35: 0.1453353 | E35: 0.33988342 | F35: 0.48033316 | G35: 0.65684408 | H35: 0.68022791 | I35: 0.89685029 | J35: 1.0749126 | K35: 1.3630232 | L35: 1.3076588 | M35: 1.4014582 | N35: 1.5174323 | O35: 1.5107963 | P35: 1.7658965
A36: 1996 | B36: 0.018715707 | C36: 0.080421813 | D36: 0.15087054 | E36: 0.2996725 | F36: 0.50891045 | G36: 0.63350346 | H36: 0.78004482 | I36: 0.87126711 | J36: 1.0274454 | K36: 1.1666849 | L36: 1.386758 | M36: 1.5029126 | N36: 1.6643796 | O36: 1.6924256 | P36: 1.8215122
A37: 1997 | B37: 0.015412472 | C37: 0.083028837 | D37: 0.20099867 | E37: 0.3000881 | F37: 0.36966814 | G37: 0.606303 | H37: 0.74987458 | I37: 0.86803151 | J37: 1.1443025 | K37: 1.2174555 | L37: 1.3488556 | M37: 1.5321503 | N37: 1.6015124 | O37: 1.6218681 | P37: 1.7962072
A38: 1998 | B38: 0.014883778 | C38: 0.076274765 | D38: 0.19454517 | E38: 0.31556663 | F38: 0.45714747 | G38: 0.52549741 | H38: 0.84027327 | I38: 0.93873483 | J38: 1.0123137 | K38: 1.0868388 | L38: 1.2627064 | M38: 1.3974489 | N38: 1.5188572 | O38: 1.8966153 | P38: 1.9089077
... A57: 2017 | B57: 0.020955314 | C57: 0.10407452 | D57: 0.25368745 | E57: 0.47203782 | F57: 0.63360879 | G57: 0.67283381 | H57: 0.75734475 | I57: 0.82078781 | J57: 0.90365743 | K57: 0.92189874 | L57: 1.0767442 | M57: 1.0311737 | N57: 1.2739006 | O57: 1.1479984 | P57: 1.5489652
A58: 2018 | B58: 0.022427235 | C58: 0.095396352 | D58: 0.22572931 | E58: 0.43454262 | F58: 0.59955499 | G58: 0.69586606 | H58: 0.77650392 | I58: 0.82630539 | J58: 0.93655477 | K58: 0.95807751 | L58: 1.0842715 | M58: 0.93573701 | N58: 1.5071627 | O58: NA | P58: 1.5194146
A59: 2019 | B59: 0.021557386 | C59: 0.1133557 | D59: 0.29701389 | E59: 0.50094768 | F59: 0.63674065 | G59: 0.74142539 | H59: 0.83064097 | I59: 0.94639468 | J59: 0.95985969 | K59: 1.0437957 | L59: 1.0124746 | M59: 1.0564222 | N59: 1.0424254 | O59: 1.2825423 | P59: NA
A60: 2020 | B60: NA | C60: NA | D60: NA | E60: NA | F60: NA | G60: NA | H60: NA | I60: NA | J60: NA | K60: NA | L60: NA | M60: NA | N60: NA | O60: NA | P60: NA
A61: 2021 | B61: 0.022498681 | C61: 0.10247386 | D61: 0.23874587 | E61: 0.44695999 | F61: 0.58457981 | G61: 0.71277143 | H61: 0.80419877 | I61: 0.85590952 | J61: 0.98023943 | K61: 1.1501008 | L61: 1.0649628 | M61: 1.1514638 | N61: 1.3125886 | O61: 1.0260876 | P61: 1.3824833
A62: 2022 | B62: 0.017285352 | C62: 0.11726235 | D62: 0.26733573 | E62: 0.44318865 | F62: 0.59097485 | G62: 0.70946782 | H62: 0.78059251 | I62: 0.88119506 | J62: 0.97573352 | K62: 1.0701158 | L62: 1.3270858 | M62: 1.3051274 | N62: 1.3562492 | O62: 1.2389392 | P62: 1.8623408
A63: 2023 | B63: 0.016290283 | C63: 0.11730159 | D63: 0.2713962 | E63: 0.41687565 | F63: 0.53343194 | G63: 0.66030587 | H63: 0.80251332 | I63: 0.93535797 | J63: 0.96296479 | K63: 1.0104949 | L63: 1.1503332 | M63: 1.1402658 | N63: 1.4628117 | O63: 1.8926323 | P63: 1.5068638
A64: 2024 | B64: 0.017541583 | C64: 0.094822856 | D64: 0.32923136 | E64: 0.47575692 | F64: 0.57828802 | G64: 0.61925246 | H64: 0.70358279 | I64: 0.94511421 | J64: 1.0050599 | K64: 1.0410179 | L64: 1.1376507 | M64: 1.2058032 | N64: 1.3140829 | O64: 1.435522 | P64: 1.7913662
A72: 1982 | B72: & | C72: ='pm_24.dat '!B320 -> 10950974 | D72: & | E72: ='pm_24.dat '!C320 -> 27660833 | F72: & | G72: ='pm_24.dat '!D320 -> 32223233 | H72: & | I72: ='pm_24.dat '!E320 -> 43530572 | J72: & | K72: ='pm_24.dat '!F320 -> 14753174 | L72: & | M72: ='pm_24.dat '!G320 -> 1969658.3 | N72: & | O72: ='pm_24.dat '!H320 -> 1271123.1 | P72: & | Q72: ='pm_24.dat '!I320 -> 609063.76 | R72: & | S72: ='pm_24.dat '!J320 -> 377022.66 | T72: & | U72: ='pm_24.dat '!K320 -> 237253.76 | V72: & | W72: ='pm_24.dat '!L320 -> 146091.81 | X72: & | Y72: ='pm_24.dat '!M320 -> 86449.242 | Z72: & | AA72: ='pm_24.dat '!N320 -> 32206.852 | AB72: & | AC72: ='pm_24.dat '!O320 -> 14018.78 | AD72: & | AE72: ='pm_24.dat '!P320 -> 13688.46 | AF72: & | AG72: =SUM(B72:AF72) -> 1.3387536e+08 | AH72: \\
A73: 1983 | B73: & | C73: ='pm_24.dat '!B321 -> 45353040 | D73: & | E73: ='pm_24.dat '!C321 -> 10716107 | F73: & | G73: ='pm_24.dat '!D321 -> 29198382 | H73: & | I73: ='pm_24.dat '!E321 -> 45573178 | J73: & | K73: ='pm_24.dat '!F321 -> 93820499 | L73: & | M73: ='pm_24.dat '!G321 -> 27078548 | N73: & | O73: ='pm_24.dat '!H321 -> 4594651.2 | P73: & | Q73: ='pm_24.dat '!I321 -> 2078542 | R73: & | S73: ='pm_24.dat '!J321 -> 951270.13 | T73: & | U73: ='pm_24.dat '!K321 -> 854355.82 | V73: & | W73: ='pm_24.dat '!L321 -> 608218.14 | X73: & | Y73: ='pm_24.dat '!M321 -> 220494.4 | Z73: & | AA73: ='pm_24.dat '!N321 -> 81075.457 | AB73: & | AC73: ='pm_24.dat '!O321 -> 72832.257 | AD73: & | AE73: ='pm_24.dat '!P321 -> 34176.514 | AF73: & | AG73: =SUM(B73:AF73) -> 2.6123537e+08 | AH73: \\
A74: 1984 | B74: & | C74: ='pm_24.dat '!B322 -> 4810111.4 | D74: & | E74: ='pm_24.dat '!C322 -> 3952848.9 | F74: & | G74: ='pm_24.dat '!D322 -> 7983446 | H74: & | I74: ='pm_24.dat '!E322 -> 22444470 | J74: & | K74: ='pm_24.dat '!F322 -> 24850572 | L74: & | M74: ='pm_24.dat '!G322 -> 52883235 | N74: & | O74: ='pm_24.dat '!H322 -> 9357925.5 | P74: & | Q74: ='pm_24.dat '!I322 -> 2004008.9 | R74: & | S74: ='pm_24.dat '!J322 -> 913114.08 | T74: & | U74: ='pm_24.dat '!K322 -> 305593.1 | V74: & | W74: ='pm_24.dat '!L322 -> 208697.44 | X74: & | Y74: ='pm_24.dat '!M322 -> 78424.253 | Z74: & | AA74: ='pm_24.dat '!N322 -> 47197.237 | AB74: & | AC74: ='pm_24.dat '!O322 -> 58861.791 | AD74: & | AE74: ='pm_24.dat '!P322 -> 28992.309 | AF74: & | AG74: =SUM(B74:AF74) -> 1.299275e+08 | AH74: \\
A75: 1985 | B75: & | C75: ='pm_24.dat '!B323 -> 49329673 | D75: & | E75: ='pm_24.dat '!C323 -> 7897975.7 | F75: & | G75: ='pm_24.dat '!D323 -> 38994180 | H75: & | I75: ='pm_24.dat '!E323 -> 13798730 | J75: & | K75: ='pm_24.dat '!F323 -> 45398936 | L75: & | M75: ='pm_24.dat '!G323 -> 27954404 | N75: & | O75: ='pm_24.dat '!H323 -> 18475998 | P75: & | Q75: ='pm_24.dat '!I323 -> 3514636.1 | R75: & | S75: ='pm_24.dat '!J323 -> 858065.1 | T75: & | U75: ='pm_24.dat '!K323 -> 725771.7 | V75: & | W75: ='pm_24.dat '!L323 -> 252889.86 | X75: & | Y75: ='pm_24.dat '!M323 -> 79355.011 | Z75: & | AA75: ='pm_24.dat '!N323 -> 84589.511 | AB75: & | AC75: ='pm_24.dat '!O323 -> 7114.1537 | AD75: & | AE75: ='pm_24.dat '!P323 -> 6671.2463 | AF75: & | AG75: =SUM(B75:AF75) -> 2.0737899e+08 | AH75: \\
A76: 1986 | B76: & | C76: ='pm_24.dat '!B324 -> 29490315 | D76: & | E76: ='pm_24.dat '!C324 -> 9771055.3 | F76: & | G76: ='pm_24.dat '!D324 -> 7912883.3 | H76: & | I76: ='pm_24.dat '!E324 -> 33510131 | J76: & | K76: ='pm_24.dat '!F324 -> 17077325 | L76: & | M76: ='pm_24.dat '!G324 -> 25786652 | N76: & | O76: ='pm_24.dat '!H324 -> 21402886 | P76: & | Q76: ='pm_24.dat '!I324 -> 17865634 | R76: & | S76: ='pm_24.dat '!J324 -> 5324409.4 | T76: & | U76: ='pm_24.dat '!K324 -> 822842.7 | V76: & | W76: ='pm_24.dat '!L324 -> 369154.61 | X76: & | Y76: ='pm_24.dat '!M324 -> 162599.27 | Z76: & | AA76: ='pm_24.dat '!N324 -> 14854.907 | AB76: & | AC76: ='pm_24.dat '!O324 -> 45447.415 | AD76: & | AE76: ='pm_24.dat '!P324 -> 16391.89 | AF76: & | AG76: =SUM(B76:AF76) -> 1.6957258e+08 | AH76: \\
A77: 1987 | B77: & | C77: ='pm_24.dat '!B325 -> 4901555.4 | D77: & | E77: ='pm_24.dat '!C325 -> 6880152.2 | F77: & | G77: ='pm_24.dat '!D325 -> 11747969 | H77: & | I77: ='pm_24.dat '!E325 -> 9240663.5 | J77: & | K77: ='pm_24.dat '!F325 -> 55681133 | L77: & | M77: ='pm_24.dat '!G325 -> 14563848 | N77: & | O77: ='pm_24.dat '!H325 -> 13287613 | P77: & | Q77: ='pm_24.dat '!I325 -> 5162855 | R77: & | S77: ='pm_24.dat '!J325 -> 16110203 | T77: & | U77: ='pm_24.dat '!K325 -> 2540705.4 | V77: & | W77: ='pm_24.dat '!L325 -> 778630.04 | X77: & | Y77: ='pm_24.dat '!M325 -> 296073.17 | Z77: & | AA77: ='pm_24.dat '!N325 -> 58611.269 | AB77: & | AC77: ='pm_24.dat '!O325 -> 28788.914 | AD77: & | AE77: ='pm_24.dat '!P325 -> 25840.481 | AF77: & | AG77: =SUM(B77:AF77) -> 1.4130464e+08 | AH77: \\
A78: 1988 | B78: & | C78: ='pm_24.dat '!B326 -> 15721199 | D78: & | E78: ='pm_24.dat '!C326 -> 7773880.4 | F78: & | G78: ='pm_24.dat '!D326 -> 24314713 | H78: & | I78: ='pm_24.dat '!E326 -> 47640042 | J78: & | K78: ='pm_24.dat '!F326 -> 20536961 | L78: & | M78: ='pm_24.dat '!G326 -> 63389847 | N78: & | O78: ='pm_24.dat '!H326 -> 16983186 | P78: & | Q78: ='pm_24.dat '!I326 -> 12027275 | R78: & | S78: ='pm_24.dat '!J326 -> 6679708.3 | T78: & | U78: ='pm_24.dat '!K326 -> 16101297 | V78: & | W78: ='pm_24.dat '!L326 -> 1550733.7 | X78: & | Y78: ='pm_24.dat '!M326 -> 912335.02 | Z78: & | AA78: ='pm_24.dat '!N326 -> 202453.02 | AB78: & | AC78: ='pm_24.dat '!O326 -> 244655.42 | AD78: & | AE78: ='pm_24.dat '!P326 -> 144222.07 | AF78: & | AG78: =SUM(B78:AF78) -> 2.3422251e+08 | AH78: \\
A79: 1989 | B79: & | C79: ='pm_24.dat '!B327 -> 9045388.6 | D79: & | E79: ='pm_24.dat '!C327 -> 5451633.7 | F79: & | G79: ='pm_24.dat '!D327 -> 9594897.4 | H79: & | I79: ='pm_24.dat '!E327 -> 30531377 | J79: & | K79: ='pm_24.dat '!F327 -> 67674815 | L79: & | M79: ='pm_24.dat '!G327 -> 12756644 | N79: & | O79: ='pm_24.dat '!H327 -> 45028753 | P79: & | Q79: ='pm_24.dat '!I327 -> 6319707.9 | R79: & | S79: ='pm_24.dat '!J327 -> 7001089.8 | T79: & | U79: ='pm_24.dat '!K327 -> 2617073.3 | V79: & | W79: ='pm_24.dat '!L327 -> 8197902.4 | X79: & | Y79: ='pm_24.dat '!M327 -> 1401273.9 | Z79: & | AA79: ='pm_24.dat '!N327 -> 1251940.8 | AB79: & | AC79: ='pm_24.dat '!O327 -> 585919.88 | AD79: & | AE79: ='pm_24.dat '!P327 -> 923303.44 | AF79: & | AG79: =SUM(B79:AF79) -> 2.0838172e+08 | AH79: \\
A80: 1990 | B80: & | C80: ='pm_24.dat '!B328 -> 22226901 | D80: & | E80: ='pm_24.dat '!C328 -> 2761070 | F80: & | G80: ='pm_24.dat '!D328 -> 1099600.7 | H80: & | I80: ='pm_24.dat '!E328 -> 11388230 | J80: & | K80: ='pm_24.dat '!F328 -> 25704041 | L80: & | M80: ='pm_24.dat '!G328 -> 83172249 | N80: & | O80: ='pm_24.dat '!H328 -> 15303101 | P80: & | Q80: ='pm_24.dat '!I328 -> 36320255 | R80: & | S80: ='pm_24.dat '!J328 -> 3435531.1 | T80: & | U80: ='pm_24.dat '!K328 -> 5911134.7 | V80: & | W80: ='pm_24.dat '!L328 -> 894996.44 | X80: & | Y80: ='pm_24.dat '!M328 -> 8323377.6 | Z80: & | AA80: ='pm_24.dat '!N328 -> 715854.67 | AB80: & | AC80: ='pm_24.dat '!O328 -> 521652.13 | AD80: & | AE80: ='pm_24.dat '!P328 -> 717625.05 | AF80: & | AG80: =SUM(B80:AF80) -> 2.1849562e+08 | AH80: \\
A81: 1991 | B81: & | C81: ='pm_24.dat '!B329 -> 32298906 | D81: & | E81: ='pm_24.dat '!C329 -> 9281835.7 | F81: & | G81: ='pm_24.dat '!D329 -> 3572292.7 | H81: & | I81: ='pm_24.dat '!E329 -> 1395060.7 | J81: & | K81: ='pm_24.dat '!F329 -> 9842053.6 | L81: & | M81: ='pm_24.dat '!G329 -> 8416663.4 | N81: & | O81: ='pm_24.dat '!H329 -> 25137376 | P81: & | Q81: ='pm_24.dat '!I329 -> 8746967.3 | R81: & | S81: ='pm_24.dat '!J329 -> 16907442 | T81: & | U81: ='pm_24.dat '!K329 -> 4270043.2 | V81: & | W81: ='pm_24.dat '!L329 -> 5703730.5 | X81: & | Y81: ='pm_24.dat '!M329 -> 1169580.4 | Z81: & | AA81: ='pm_24.dat '!N329 -> 3425863.3 | AB81: & | AC81: ='pm_24.dat '!O329 -> 520338.5 | AD81: & | AE81: ='pm_24.dat '!P329 -> 591487.85 | AF81: & | AG81: =SUM(B81:AF81) -> 1.3127964e+08 | AH81: \\
A82: 1992 | B82: & | C82: ='pm_24.dat '!B330 -> 15591259 | D82: & | E82: ='pm_24.dat '!C330 -> 4378480.5 | F82: & | G82: ='pm_24.dat '!D330 -> 29295026 | H82: & | I82: ='pm_24.dat '!E330 -> 4359981.5 | J82: & | K82: ='pm_24.dat '!F330 -> 5255429.7 | L82: & | M82: ='pm_24.dat '!G330 -> 8508346 | N82: & | O82: ='pm_24.dat '!H330 -> 7572848.9 | P82: & | Q82: ='pm_24.dat '!I330 -> 10551673 | R82: & | S82: ='pm_24.dat '!J330 -> 4535727.9 | T82: & | U82: ='pm_24.dat '!K330 -> 8386234 | V82: & | W82: ='pm_24.dat '!L330 -> 2888373.7 | X82: & | Y82: ='pm_24.dat '!M330 -> 3589960.5 | Z82: & | AA82: ='pm_24.dat '!N330 -> 1531445.4 | AB82: & | AC82: ='pm_24.dat '!O330 -> 1205642.2 | AD82: & | AE82: ='pm_24.dat '!P330 -> 965034.38 | AF82: & | AG82: =SUM(B82:AF82) -> 1.0861546e+08 | AH82: \\
A83: 1993 | B83: & | C83: ='pm_24.dat '!B331 -> 26831975 | D83: & | E83: ='pm_24.dat '!C331 -> 4429513.9 | F83: & | G83: ='pm_24.dat '!D331 -> 11510462 | H83: & | I83: ='pm_24.dat '!E331 -> 51257439 | J83: & | K83: ='pm_24.dat '!F331 -> 10664548 | L83: & | M83: ='pm_24.dat '!G331 -> 8107782.8 | N83: & | O83: ='pm_24.dat '!H331 -> 4050373.4 | P83: & | Q83: ='pm_24.dat '!I331 -> 5309957.2 | R83: & | S83: ='pm_24.dat '!J331 -> 6725902.2 | T83: & | U83: ='pm_24.dat '!K331 -> 4106511.8 | V83: & | W83: ='pm_24.dat '!L331 -> 3551802.9 | X83: & | Y83: ='pm_24.dat '!M331 -> 2575157.6 | Z83: & | AA83: ='pm_24.dat '!N331 -> 2052403.7 | AB83: & | AC83: ='pm_24.dat '!O331 -> 1119582.3 | AD83: & | AE83: ='pm_24.dat '!P331 -> 1355234.7 | AF83: & | AG83: =SUM(B83:AF83) -> 1.4364865e+08 | AH83: \\
... A109: 2019 | B109: & | C109: ='pm_24.dat '!B357 -> 26795702 | D109: & | E109: ='pm_24.dat '!C357 -> 7133716.6 | F109: & | G109: ='pm_24.dat '!D357 -> 5930177 | H109: & | I109: ='pm_24.dat '!E357 -> 6152047.2 | J109: & | K109: ='pm_24.dat '!F357 -> 17596779 | L109: & | M109: ='pm_24.dat '!G357 -> 62768467 | N109: & | O109: ='pm_24.dat '!H357 -> 25067659 | P109: & | Q109: ='pm_24.dat '!I357 -> 5958068.9 | R109: & | S109: ='pm_24.dat '!J357 -> 4295960.4 | T109: & | U109: ='pm_24.dat '!K357 -> 2541978.3 | V109: & | W109: ='pm_24.dat '!L357 -> 1336557.4 | X109: & | Y109: ='pm_24.dat '!M357 -> 606917.86 | Z109: & | AA109: ='pm_24.dat '!N357 -> 239831.76 | AB109: & | AC109: ='pm_24.dat '!O357 -> 69125.767 | AD109: & | AE109: ='pm_24.dat '!P357 -> 27594.223 | AF109: & | AG109: =SUM(B109:AF109) -> 1.6652058e+08 | AH109: \\
A110: 2020 | B110: & | C110: - | D110: & | E110: - | F110: & | G110: - | H110: & | I110: - | J110: & | K110: - | L110: & | M110: - | N110: & | O110: - | P110: & | Q110: - | R110: & | S110: - | T110: & | U110: - | V110: & | W110: - | X110: & | Y110: - | Z110: & | AA110: - | AB110: & | AC110: - | AD110: & | AE110: - | AF110: & | AG110: - | AH110: \\
A111: 2021 | B111: & | C111: ='pm_24.dat '!B358 -> 10321941 | D111: & | E111: ='pm_24.dat '!C358 -> 7980262.8 | F111: & | G111: ='pm_24.dat '!D358 -> 19643041 | H111: & | I111: ='pm_24.dat '!E358 -> 7534073 | J111: & | K111: ='pm_24.dat '!F358 -> 6888789.6 | L111: & | M111: ='pm_24.dat '!G358 -> 5019764.1 | N111: & | O111: ='pm_24.dat '!H358 -> 12791899 | P111: & | Q111: ='pm_24.dat '!I358 -> 14770244 | R111: & | S111: ='pm_24.dat '!J358 -> 3919546 | T111: & | U111: ='pm_24.dat '!K358 -> 1521762 | V111: & | W111: ='pm_24.dat '!L358 -> 1274924 | X111: & | Y111: ='pm_24.dat '!M358 -> 825848.34 | Z111: & | AA111: ='pm_24.dat '!N358 -> 180076.86 | AB111: & | AC111: ='pm_24.dat '!O358 -> 127919.17 | AD111: & | AE111: ='pm_24.dat '!P358 -> 43703.855 | AF111: & | AG111: =SUM(B111:AF111) -> 92843794 | AH111: \\
A112: 2022 | B112: & | C112: ='pm_24.dat '!B359 -> 8119155.5 | D112: & | E112: ='pm_24.dat '!C359 -> 3512415.2 | F112: & | G112: ='pm_24.dat '!D359 -> 5999539.5 | H112: & | I112: ='pm_24.dat '!E359 -> 40060934 | J112: & | K112: ='pm_24.dat '!F359 -> 18724630 | L112: & | M112: ='pm_24.dat '!G359 -> 7295680.7 | N112: & | O112: ='pm_24.dat '!H359 -> 8107799.1 | P112: & | Q112: ='pm_24.dat '!I359 -> 11423970 | R112: & | S112: ='pm_24.dat '!J359 -> 8559664.4 | T112: & | U112: ='pm_24.dat '!K359 -> 2718413.7 | V112: & | W112: ='pm_24.dat '!L359 -> 1159337.3 | X112: & | Y112: ='pm_24.dat '!M359 -> 966027.29 | Z112: & | AA112: ='pm_24.dat '!N359 -> 372666.78 | AB112: & | AC112: ='pm_24.dat '!O359 -> 213040.36 | AD112: & | AE112: ='pm_24.dat '!P359 -> 21877.409 | AF112: & | AG112: =SUM(B112:AF112) -> 1.1725515e+08 | AH112: \\
A113: 2023 | B113: & | C113: ='pm_24.dat '!B360 -> 11137835 | D113: & | E113: ='pm_24.dat '!C360 -> 3821529.7 | F113: & | G113: ='pm_24.dat '!D360 -> 3417362.3 | H113: & | I113: ='pm_24.dat '!E360 -> 6362056.6 | J113: & | K113: ='pm_24.dat '!F360 -> 27500462 | L113: & | M113: ='pm_24.dat '!G360 -> 8082480.4 | N113: & | O113: ='pm_24.dat '!H360 -> 4453183.5 | P113: & | Q113: ='pm_24.dat '!I360 -> 4429531.5 | R113: & | S113: ='pm_24.dat '!J360 -> 7032284.9 | T113: & | U113: ='pm_24.dat '!K360 -> 4966833.3 | V113: & | W113: ='pm_24.dat '!L360 -> 1060141 | X113: & | Y113: ='pm_24.dat '!M360 -> 439895.47 | Z113: & | AA113: ='pm_24.dat '!N360 -> 269472.09 | AB113: & | AC113: ='pm_24.dat '!O360 -> 106526.83 | AD113: & | AE113: ='pm_24.dat '!P360 -> 118836.21 | AF113: & | AG113: =SUM(B113:AF113) -> 83198431 | AH113: \\
A114: 2024 | B114: & | C114: ='pm_24.dat '!B361 -> 16262096 | D114: & | E114: ='pm_24.dat '!C361 -> 10959914 | F114: & | G114: ='pm_24.dat '!D361 -> 9746020.7 | H114: & | I114: ='pm_24.dat '!E361 -> 6623305.6 | J114: & | K114: ='pm_24.dat '!F361 -> 20779429 | L114: & | M114: ='pm_24.dat '!G361 -> 68044769 | N114: & | O114: ='pm_24.dat '!H361 -> 15085252 | P114: & | Q114: ='pm_24.dat '!I361 -> 4701781.4 | R114: & | S114: ='pm_24.dat '!J361 -> 4432456 | T114: & | U114: ='pm_24.dat '!K361 -> 3989283 | V114: & | W114: ='pm_24.dat '!L361 -> 2725271.2 | X114: & | Y114: ='pm_24.dat '!M361 -> 1025843 | Z114: & | AA114: ='pm_24.dat '!N361 -> 324711.82 | AB114: & | AC114: ='pm_24.dat '!O361 -> 123823.86 | AD114: & | AE114: ='pm_24.dat '!P361 -> 43271.926 | AF114: & | AG114: =SUM(B114:AF114) -> 1.6486723e+08 | AH114: \\
A115: \hline
A116: Mean | B116: & | C116: =AVERAGE(C66:C114) -> 15475098 | D116: & | E116: =AVERAGE(E66:E114) -> 5566353.6 | F116: & | G116: =AVERAGE(G66:G114) -> 9259162 | H116: & | I116: =AVERAGE(I66:I114) -> 17412988 | J116: & | K116: =AVERAGE(K66:K114) -> 24134582 | L116: & | M116: =AVERAGE(M66:M114) -> 23070702 | N116: & | O116: =AVERAGE(O66:O114) -> 13857604 | P116: & | Q116: =AVERAGE(Q66:Q114) -> 8297287.1 | R116: & | S116: =AVERAGE(S66:S114) -> 4932506.6 | T116: & | U116: =AVERAGE(U66:U114) -> 3254544.1 | V116: & | W116: =AVERAGE(W66:W114) -> 1962593.7 | X116: & | Y116: =AVERAGE(Y66:Y114) -> 1352075.6 | Z116: & | AA116: =AVERAGE(AA66:AA114) -> 777917.06 | AB116: & | AC116: =AVERAGE(AC66:AC114) -> 407561.28 | AD116: & | AE116: =AVERAGE(AE66:AE114) -> 678449.65 | AF116: & | AG116: =AVERAGE(AG66:AG114) -> 1.3043943e+08 | AH116: \\
A122: 1982 | B122: & | C122: 0.032 | D122: & | E122: 0.077 | F122: & | G122: 0.181 | H122: & | I122: 0.34 | J122: & | K122: 0.411 | L122: & | M122: 0.777 | N122: & | O122: 1.051 | P122: & | Q122: 1.188 | R122: & | S122: 1.401 | T122: & | U122: 1.567 | V122: & | W122: 2.235 | X122: & | Y122: 1.99 | Z122: & | AA122: 1.904 | AB122: & | AC122: 1.524 | AD122: & | AE122: 2.946 | AF122: \\
A123: 1983 | B123: & | C123: 0.021 | D123: & | E123: 0.101 | F123: & | G123: 0.209 | H123: & | I123: 0.342 | J123: & | K123: 0.536 | L123: & | M123: 0.774 | N123: & | O123: 1.016 | P123: & | Q123: 1.453 | R123: & | S123: 1.406 | T123: & | U123: 1.667 | V123: & | W123: 1.529 | X123: & | Y123: 1.577 | Z123: & | AA123: 2.013 | AB123: & | AC123: 2.127 | AD123: & | AE123: 1.834 | AF123: \\
A124: 1984 | B124: & | C124: 0.017 | D124: & | E124: 0.084 | F124: & | G124: 0.215 | H124: & | I124: 0.314 | J124: & | K124: 0.432 | L124: & | M124: 0.603 | N124: & | O124: 0.926 | P124: & | Q124: 1.313 | R124: & | S124: 1.268 | T124: & | U124: 1.473 | V124: & | W124: 1.985 | X124: & | Y124: 1.688 | Z124: & | AA124: 1.905 | AB124: & | AC124: 1.426 | AD124: & | AE124: 2.122 | AF124: \\
A125: 1985 | B125: & | C125: 0.031 | D125: & | E125: 0.093 | F125: & | G125: 0.229 | H125: & | I125: 0.368 | J125: & | K125: 0.481 | L125: & | M125: 0.715 | N125: & | O125: 0.91 | P125: & | Q125: 1.213 | R125: & | S125: 1.723 | T125: & | U125: 1.436 | V125: & | W125: 1.532 | X125: & | Y125: 1.777 | Z125: & | AA125: 2.038 | AB125: & | AC125: 1.652 | AD125: & | AE125: 2.634 | AF125: \\
A126: 1986 | B126: & | C126: 0.019 | D126: & | E126: 0.073 | F126: & | G126: 0.169 | H126: & | I126: 0.31 | J126: & | K126: 0.414 | L126: & | M126: 0.608 | N126: & | O126: 0.767 | P126: & | Q126: 1.018 | R126: & | S126: 1.304 | T126: & | U126: 1.65 | V126: & | W126: 1.276 | X126: & | Y126: 1.381 | Z126: & | AA126: 1.983 | AB126: & | AC126: 2.233 | AD126: & | AE126: 2.223 | AF126: \\
A127: 1987 | B127: & | C127: 0.023 | D127: & | E127: 0.123 | F127: & | G127: 0.253 | H127: & | I127: 0.332 | J127: & | K127: 0.422 | L127: & | M127: 0.547 | N127: & | O127: 0.718 | P127: & | Q127: 0.849 | R127: & | S127: 1.008 | T127: & | U127: 1.261 | V127: & | W127: 1.581 | X127: & | Y127: 1.612 | Z127: & | AA127: 2.202 | AB127: & | AC127: 2.045 | AD127: & | AE127: 2.395 | AF127: \\
A128: 1988 | B128: & | C128: 0.019 | D128: & | E128: 0.133 | F128: & | G128: 0.281 | H128: & | I128: 0.33 | J128: & | K128: 0.446 | L128: & | M128: 0.494 | N128: & | O128: 0.59 | P128: & | Q128: 0.814 | R128: & | S128: 0.908 | T128: & | U128: 1.04 | V128: & | W128: 1.23 | X128: & | Y128: 1.285 | Z128: & | AA128: 1.571 | AB128: & | AC128: 0.686 | AD128: & | AE128: 1.74 | AF128: \\
A129: 1989 | B129: & | C129: 0.022 | D129: & | E129: 0.082 | F129: & | G129: 0.169 | H129: & | I129: 0.277 | J129: & | K129: 0.371 | L129: & | M129: 0.549 | N129: & | O129: 0.662 | P129: & | Q129: 0.837 | R129: & | S129: 1.027 | T129: & | U129: 1 | V129: & | W129: 1.115 | X129: & | Y129: 1.014 | Z129: & | AA129: 1.26 | AB129: & | AC129: 1.144 | AD129: & | AE129: 1.103 | AF129: \\
A130: 1990 | B130: & | C130: 0.029 | D130: & | E130: 0.097 | F130: & | G130: 0.187 | H130: & | I130: 0.356 | J130: & | K130: 0.478 | L130: & | M130: 0.545 | N130: & | O130: 0.614 | P130: & | Q130: 0.735 | R130: & | S130: 1.029 | T130: & | U130: 0.979 | V130: & | W130: 1.023 | X130: & | Y130: 1.188 | Z130: & | AA130: 0.855 | AB130: & | AC130: 1.39 | AD130: & | AE130: 1.714 | AF130: \\
A131: 1991 | B131: & | C131: 0.03 | D131: & | E131: 0.145 | F131: & | G131: 0.201 | H131: & | I131: 0.333 | J131: & | K131: 0.565 | L131: & | M131: 0.65 | N131: & | O131: 0.777 | P131: & | Q131: 0.856 | R131: & | S131: 1.016 | T131: & | U131: 1.105 | V131: & | W131: 1.287 | X131: & | Y131: 1.37 | Z131: & | AA131: 1.347 | AB131: & | AC131: 1.733 | AD131: & | AE131: 1.691 | AF131: \\
A132: 1992 | B132: & | C132: 0.03 | D132: & | E132: 0.134 | F132: & | G132: 0.255 | H132: & | I132: 0.4 | J132: & | K132: 0.464 | L132: & | M132: 0.57 | N132: & | O132: 0.756 | P132: & | Q132: 0.771 | R132: & | S132: 0.929 | T132: & | U132: 1.008 | V132: & | W132: 1.138 | X132: & | Y132: 1.52 | Z132: & | AA132: 1.539 | AB132: & | AC132: 1.426 | AD132: & | AE132: 1.563 | AF132: \\
A133: 1993 | B133: & | C133: 0.016 | D133: & | E133: 0.098 | F133: & | G133: 0.25 | H133: & | I133: 0.409 | J133: & | K133: 0.464 | L133: & | M133: 0.548 | N133: & | O133: 0.662 | P133: & | Q133: 0.783 | R133: & | S133: 0.987 | T133: & | U133: 0.999 | V133: & | W133: 1.149 | X133: & | Y133: 1.285 | Z133: & | AA133: 1.509 | AB133: & | AC133: 1.576 | AD133: & | AE133: 1.909 | AF133: \\
... A159: 2019 | B159: & | C159: 0.026 | D159: & | E159: 0.112 | F159: & | G159: 0.292 | H159: & | I159: 0.505 | J159: & | K159: 0.642 | L159: & | M159: 0.715 | N159: & | O159: 0.823 | P159: & | Q159: 0.899 | R159: & | S159: 0.901 | T159: & | U159: 0.989 | V159: & | W159: 0.986 | X159: & | Y159: 1.043 | Z159: & | AA159: 1.068 | AB159: & | AC159: 1.12 | AD159: & | AE159: 1.39 | AF159: \\
A160: 2020 | B160: & | C160: -- | D160: & | E160: -- | F160: & | G160: -- | H160: & | I160: -- | J160: & | K160: -- | L160: & | M160: -- | N160: & | O160: -- | P160: & | Q160: -- | R160: & | S160: -- | T160: & | U160: -- | V160: & | W160: -- | X160: & | Y160: -- | Z160: & | AA160: -- | AB160: & | AC160: -- | AD160: & | AE160: -- | AF160: \\
A161: 2021 | B161: & | C161: 0.023 | D161: & | E161: 0.148 | F161: & | G161: 0.278 | H161: & | I161: 0.44 | J161: & | K161: 0.59 | L161: & | M161: 0.696 | N161: & | O161: 0.774 | P161: & | Q161: 0.854 | R161: & | S161: 0.96 | T161: & | U161: 1.233 | V161: & | W161: 1.023 | X161: & | Y161: 1.35 | Z161: & | AA161: 1.307 | AB161: & | AC161: 0.927 | AD161: & | AE161: 1.389 | AF161: \\
A162: 2022 | B162: & | C162: 0.02 | D162: & | E162: 0.104 | F162: & | G162: 0.347 | H162: & | I162: 0.452 | J162: & | K162: 0.583 | L162: & | M162: 0.668 | N162: & | O162: 0.764 | P162: & | Q162: 0.853 | R162: & | S162: 0.945 | T162: & | U162: 0.972 | V162: & | W162: 1.122 | X162: & | Y162: 1.474 | Z162: & | AA162: 1.242 | AB162: & | AC162: 0.895 | AD162: & | AE162: 1.247 | AF162: \\
A163: 2023 | B163: & | C163: 0.02 | D163: & | E163: 0.104 | F163: & | G163: 0.315 | H163: & | I163: 0.418 | J163: & | K163: 0.53 | L163: & | M163: 0.642 | N163: & | O163: 0.784 | P163: & | Q163: 0.925 | R163: & | S163: 0.979 | T163: & | U163: 1.024 | V163: & | W163: 1.166 | X163: & | Y163: 1.137 | Z163: & | AA163: 1.445 | AB163: & | AC163: 1.845 | AD163: & | AE163: 1.428 | AF163: \\
A164: \hline
A165: Avg | B165: & | C165: 0.022 | D165: & | E165: 0.101 | F165: & | G165: 0.242 | H165: & | I165: 0.406 | J165: & | K165: 0.534 | L165: & | M165: 0.662 | N165: & | O165: 0.798 | P165: & | Q165: 0.938 | R165: & | S165: 1.076 | T165: & | U165: 1.178 | V165: & | W165: 1.312 | X165: & | Y165: 1.381 | Z165: & | AA165: 1.513 | AB165: & | AC165: 1.556 | AD165: & | AE165: 1.82 | AF165: \\
A166: \hline
A170: 1982 | B170: & | C170: ='pm_24.dat '!B275 -> 0.026205768 | D170: & | E170: ='pm_24.dat '!C275 -> 0.077368661 | F170: & | G170: ='pm_24.dat '!D275 -> 0.17984088 | H170: & | I170: ='pm_24.dat '!E275 -> 0.36696323 | J170: & | K170: ='pm_24.dat '!F275 -> 0.54007477 | L170: & | M170: ='pm_24.dat '!G275 -> 0.89063094 | N170: & | O170: ='pm_24.dat '!H275 -> 1.2037654 | P170: & | Q170: ='pm_24.dat '!I275 -> 1.364783 | R170: & | S170: ='pm_24.dat '!J275 -> 1.5027682 | T170: & | U170: ='pm_24.dat '!K275 -> 1.6698665 | V170: & | W170: ='pm_24.dat '!L275 -> 1.8208868 | X170: & | Y170: ='pm_24.dat '!M275 -> 1.8721143 | Z170: & | AA170: ='pm_24.dat '!N275 -> 2.1519164 | AB170: & | AC170: ='pm_24.dat '!O275 -> 1.8248515 | AD170: & | AE170: ='pm_24.dat '!P275 -> 2.6626429 | AF170: \\
A171: =A170+1 -> 1983 | B171: & | C171: ='pm_24.dat '!B276 -> 0.016466601 | D171: & | E171: ='pm_24.dat '!C276 -> 0.10462804 | F171: & | G171: ='pm_24.dat '!D276 -> 0.18543452 | H171: & | I171: ='pm_24.dat '!E276 -> 0.36118307 | J171: & | K171: ='pm_24.dat '!F276 -> 0.52095706 | L171: & | M171: ='pm_24.dat '!G276 -> 0.71594416 | N171: & | O171: ='pm_24.dat '!H276 -> 1.0203394 | P171: & | Q171: ='pm_24.dat '!I276 -> 1.3065892 | R171: & | S171: ='pm_24.dat '!J276 -> 1.5105197 | T171: & | U171: ='pm_24.dat '!K276 -> 1.5784693 | V171: & | W171: ='pm_24.dat '!L276 -> 1.6312528 | X171: & | Y171: ='pm_24.dat '!M276 -> 1.5707959 | Z171: & | AA171: ='pm_24.dat '!N276 -> 1.8129217 | AB171: & | AC171: ='pm_24.dat '!O276 -> 1.5555355 | AD171: & | AE171: ='pm_24.dat '!P276 -> 1.9861618 | AF171: \\
A172: =A171+1 -> 1984 | B172: & | C172: ='pm_24.dat '!B277 -> 0.016306697 | D172: & | E172: ='pm_24.dat '!C277 -> 0.067560013 | F172: & | G172: ='pm_24.dat '!D277 -> 0.19641513 | H172: & | I172: ='pm_24.dat '!E277 -> 0.3066841 | J172: & | K172: ='pm_24.dat '!F277 -> 0.48488267 | L172: & | M172: ='pm_24.dat '!G277 -> 0.59752616 | N172: & | O172: ='pm_24.dat '!H277 -> 0.93047187 | P172: & | Q172: ='pm_24.dat '!I277 -> 1.3781208 | R172: & | S172: ='pm_24.dat '!J277 -> 1.5135626 | T172: & | U172: ='pm_24.dat '!K277 -> 1.7310354 | V172: & | W172: ='pm_24.dat '!L277 -> 1.8698851 | X172: & | Y172: ='pm_24.dat '!M277 -> 1.8518142 | Z172: & | AA172: ='pm_24.dat '!N277 -> 1.9701182 | AB172: & | AC172: ='pm_24.dat '!O277 -> 1.7446386 | AD172: & | AE172: ='pm_24.dat '!P277 -> 2.124745 | AF172: \\
A173: =A172+1 -> 1985 | B173: & | C173: ='pm_24.dat '!B278 -> 0.017032291 | D173: & | E173: ='pm_24.dat '!C278 -> 0.082113337 | F173: & | G173: ='pm_24.dat '!D278 -> 0.21258432 | H173: & | I173: ='pm_24.dat '!E278 -> 0.33632738 | J173: & | K173: ='pm_24.dat '!F278 -> 0.47324341 | L173: & | M173: ='pm_24.dat '!G278 -> 0.68096711 | N173: & | O173: ='pm_24.dat '!H278 -> 0.89133258 | P173: & | Q173: ='pm_24.dat '!I278 -> 1.2315979 | R173: & | S173: ='pm_24.dat '!J278 -> 1.6494576 | T173: & | U173: ='pm_24.dat '!K278 -> 1.6080991 | V173: & | W173: ='pm_24.dat '!L278 -> 1.7214547 | X173: & | Y173: ='pm_24.dat '!M278 -> 2.0162688 | Z173: & | AA173: ='pm_24.dat '!N278 -> 2.1048368 | AB173: & | AC173: ='pm_24.dat '!O278 -> 1.8017956 | AD173: & | AE173: ='pm_24.dat '!P278 -> 2.4895723 | AF173: \\
A174: =A173+1 -> 1986 | B174: & | C174: ='pm_24.dat '!B279 -> 0.012679101 | D174: & | E174: ='pm_24.dat '!C279 -> 0.062722585 | F174: & | G174: ='pm_24.dat '!D279 -> 0.14505392 | H174: & | I174: ='pm_24.dat '!E279 -> 0.32711326 | J174: & | K174: ='pm_24.dat '!F279 -> 0.41958098 | L174: & | M174: ='pm_24.dat '!G279 -> 0.61127764 | N174: & | O174: ='pm_24.dat '!H279 -> 0.81913046 | P174: & | Q174: ='pm_24.dat '!I279 -> 1.0295669 | R174: & | S174: ='pm_24.dat '!J279 -> 1.3097433 | T174: & | U174: ='pm_24.dat '!K279 -> 1.6253411 | V174: & | W174: ='pm_24.dat '!L279 -> 1.7353881 | X174: & | Y174: ='pm_24.dat '!M279 -> 1.9396121 | Z174: & | AA174: ='pm_24.dat '!N279 -> 2.2206108 | AB174: & | AC174: ='pm_24.dat '!O279 -> 2.2816761 | AD174: & | AE174: ='pm_24.dat '!P279 -> 2.4313246 | AF174: \\
A175: =A174+1 -> 1987 | B175: & | C175: ='pm_24.dat '!B280 -> 0.025633854 | D175: & | E175: ='pm_24.dat '!C280 -> 0.10646168 | F175: & | G175: ='pm_24.dat '!D280 -> 0.24569976 | H175: & | I175: ='pm_24.dat '!E280 -> 0.2938431 | J175: & | K175: ='pm_24.dat '!F280 -> 0.42630492 | L175: & | M175: ='pm_24.dat '!G280 -> 0.52330365 | N175: & | O175: ='pm_24.dat '!H280 -> 0.69169736 | P175: & | Q175: ='pm_24.dat '!I280 -> 0.8256326 | R175: & | S175: ='pm_24.dat '!J280 -> 0.97431407 | T175: & | U175: ='pm_24.dat '!K280 -> 1.180509 | V175: & | W175: ='pm_24.dat '!L280 -> 1.4936964 | X175: & | Y175: ='pm_24.dat '!M280 -> 1.5168686 | Z175: & | AA175: ='pm_24.dat '!N280 -> 1.9276495 | AB175: & | AC175: ='pm_24.dat '!O280 -> 2.2288837 | AD175: & | AE175: ='pm_24.dat '!P280 -> 2.3730768 | AF175: \\
A176: =A175+1 -> 1988 | B176: & | C176: ='pm_24.dat '!B281 -> 0.016132698 | D176: & | E176: ='pm_24.dat '!C281 -> 0.095171865 | F176: & | G176: ='pm_24.dat '!D281 -> 0.27475098 | H176: & | I176: ='pm_24.dat '!E281 -> 0.32317442 | J176: & | K176: ='pm_24.dat '!F281 -> 0.42643289 | L176: & | M176: ='pm_24.dat '!G281 -> 0.50128528 | N176: & | O176: ='pm_24.dat '!H281 -> 0.66056901 | P176: & | Q176: ='pm_24.dat '!I281 -> 0.87735348 | R176: & | S176: ='pm_24.dat '!J281 -> 0.8901678 | T176: & | U176: ='pm_24.dat '!K281 -> 1.1079468 | V176: & | W176: ='pm_24.dat '!L281 -> 1.3440926 | X176: & | Y176: ='pm_24.dat '!M281 -> 1.3842114 | Z176: & | AA176: ='pm_24.dat '!N281 -> 1.9046605 | AB176: & | AC176: ='pm_24.dat '!O281 -> 1.1603828 | AD176: & | AE176: ='pm_24.dat '!P281 -> 1.7444947 | AF176: \\
A177: =A176+1 -> 1989 | B177: & | C177: ='pm_24.dat '!B282 -> 0.018833545 | D177: & | E177: ='pm_24.dat '!C282 -> 0.08966227 | F177: & | G177: ='pm_24.dat '!D282 -> 0.16816857 | H177: & | I177: ='pm_24.dat '!E282 -> 0.3052703 | J177: & | K177: ='pm_24.dat '!F282 -> 0.39071365 | L177: & | M177: ='pm_24.dat '!G282 -> 0.5050153 | N177: & | O177: ='pm_24.dat '!H282 -> 0.71004224 | P177: & | Q177: ='pm_24.dat '!I282 -> 0.80356768 | R177: & | S177: ='pm_24.dat '!J282 -> 1.0999788 | T177: & | U177: ='pm_24.dat '!K282 -> 1.0887268 | V177: & | W177: ='pm_24.dat '!L282 -> 1.2255464 | X177: & | Y177: ='pm_24.dat '!M282 -> 1.3119255 | Z177: & | AA177: ='pm_24.dat '!N282 -> 1.2899614 | AB177: & | AC177: ='pm_24.dat '!O282 -> 1.2903494 | AD177: & | AE177: ='pm_24.dat '!P282 -> 1.4807348 | AF177: \\
A178: =A177+1 -> 1990 | B178: & | C178: ='pm_24.dat '!B283 -> 0.014413264 | D178: & | E178: ='pm_24.dat '!C283 -> 0.17105639 | F178: & | G178: ='pm_24.dat '!D283 -> 0.18121031 | H178: & | I178: ='pm_24.dat '!E283 -> 0.35206067 | J178: & | K178: ='pm_24.dat '!F283 -> 0.43324723 | L178: & | M178: ='pm_24.dat '!G283 -> 0.5450222 | N178: & | O178: ='pm_24.dat '!H283 -> 0.6225819 | P178: & | Q178: ='pm_24.dat '!I283 -> 0.76155811 | R178: & | S178: ='pm_24.dat '!J283 -> 0.89588118 | T178: & | U178: ='pm_24.dat '!K283 -> 1.1052711 | V178: & | W178: ='pm_24.dat '!L283 -> 1.1424814 | X178: & | Y178: ='pm_24.dat '!M283 -> 1.311178 | Z178: & | AA178: ='pm_24.dat '!N283 -> 1.3755016 | AB178: & | AC178: ='pm_24.dat '!O283 -> 1.4868107 | AD178: & | AE178: ='pm_24.dat '!P283 -> 1.777957 | AF178: \\
A179: =A178+1 -> 1991 | B179: & | C179: ='pm_24.dat '!B284 -> 0.020605993 | D179: & | E179: ='pm_24.dat '!C284 -> 0.13638904 | F179: & | G179: ='pm_24.dat '!D284 -> 0.19937224 | H179: & | I179: ='pm_24.dat '!E284 -> 0.35376235 | J179: & | K179: ='pm_24.dat '!F284 -> 0.56350199 | L179: & | M179: ='pm_24.dat '!G284 -> 0.6379421 | N179: & | O179: ='pm_24.dat '!H284 -> 0.72004131 | P179: & | Q179: ='pm_24.dat '!I284 -> 0.81701103 | R179: & | S179: ='pm_24.dat '!J284 -> 0.98209054 | T179: & | U179: ='pm_24.dat '!K284 -> 1.0800511 | V179: & | W179: ='pm_24.dat '!L284 -> 1.3277349 | X179: & | Y179: ='pm_24.dat '!M284 -> 1.4135751 | Z179: & | AA179: ='pm_24.dat '!N284 -> 1.5711976 | AB179: & | AC179: ='pm_24.dat '!O284 -> 1.8148823 | AD179: & | AE179: ='pm_24.dat '!P284 -> 1.9797202 | AF179: \\
A180: =A179+1 -> 1992 | B180: & | C180: ='pm_24.dat '!B285 -> 0.016772385 | D180: & | E180: ='pm_24.dat '!C285 -> 0.12973221 | F180: & | G180: ='pm_24.dat '!D285 -> 0.29996991 | H180: & | I180: ='pm_24.dat '!E285 -> 0.40907179 | J180: & | K180: ='pm_24.dat '!F285 -> 0.50467969 | L180: & | M180: ='pm_24.dat '!G285 -> 0.58947543 | N180: & | O180: ='pm_24.dat '!H285 -> 0.77752687 | P180: & | Q180: ='pm_24.dat '!I285 -> 0.86999925 | R180: & | S180: ='pm_24.dat '!J285 -> 0.97166959 | T180: & | U180: ='pm_24.dat '!K285 -> 1.080256 | V180: & | W180: ='pm_24.dat '!L285 -> 1.2259851 | X180: & | Y180: ='pm_24.dat '!M285 -> 1.4716865 | Z180: & | AA180: ='pm_24.dat '!N285 -> 1.6762203 | AB180: & | AC180: ='pm_24.dat '!O285 -> 1.7302859 | AD180: & | AE180: ='pm_24.dat '!P285 -> 1.6934578 | AF180: \\
A181: =A180+1 -> 1993 | B181: & | C181: ='pm_24.dat '!B286 -> 0.012209558 | D181: & | E181: ='pm_24.dat '!C286 -> 0.10251026 | F181: & | G181: ='pm_24.dat '!D286 -> 0.28949641 | H181: & | I181: ='pm_24.dat '!E286 -> 0.46988783 | J181: & | K181: ='pm_24.dat '!F286 -> 0.52522104 | L181: & | M181: ='pm_24.dat '!G286 -> 0.64543159 | N181: & | O181: ='pm_24.dat '!H286 -> 0.73919061 | P181: & | Q181: ='pm_24.dat '!I286 -> 0.8663609 | R181: & | S181: ='pm_24.dat '!J286 -> 1.0621986 | T181: & | U181: ='pm_24.dat '!K286 -> 1.0990736 | V181: & | W181: ='pm_24.dat '!L286 -> 1.2925776 | X181: & | Y181: ='pm_24.dat '!M286 -> 1.4077627 | Z181: & | AA181: ='pm_24.dat '!N286 -> 1.6075729 | AB181: & | AC181: ='pm_24.dat '!O286 -> 1.6890831 | AD181: & | AE181: ='pm_24.dat '!P286 -> 1.8109887 | AF181: \\
A182: =A181+1 -> 1994 | B182: & | C182: ='pm_24.dat '!B287 -> 0.017732801 | D182: & | E182: ='pm_24.dat '!C287 -> 0.089098398 | F182: & | G182: ='pm_24.dat '!D287 -> 0.22785764 | H182: & | I182: ='pm_24.dat '!E287 -> 0.41442535 | J182: & | K182: ='pm_24.dat '!F287 -> 0.57280505 | L182: & | M182: ='pm_24.dat '!G287 -> 0.70886324 | N182: & | O182: ='pm_24.dat '!H287 -> 0.7468426 | P182: & | Q182: ='pm_24.dat '!I287 -> 1.0865222 | R182: & | S182: ='pm_24.dat '!J287 -> 1.3033178 | T182: & | U182: ='pm_24.dat '!K287 -> 1.2357686 | V182: & | W182: ='pm_24.dat '!L287 -> 1.3463449 | X182: & | Y182: ='pm_24.dat '!M287 -> 1.440092 | Z182: & | AA182: ='pm_24.dat '!N287 -> 1.4919087 | AB182: & | AC182: ='pm_24.dat '!O287 -> 1.6707974 | AD182: & | AE182: ='pm_24.dat '!P287 -> 1.7429204 | AF182: \\
... A207: =A206+1 -> 2019 | B207: & | C207: ='pm_24.dat '!B312 -> 0.021557386 | D207: & | E207: ='pm_24.dat '!C312 -> 0.1133557 | F207: & | G207: ='pm_24.dat '!D312 -> 0.29701389 | H207: & | I207: ='pm_24.dat '!E312 -> 0.50094768 | J207: & | K207: ='pm_24.dat '!F312 -> 0.63674065 | L207: & | M207: ='pm_24.dat '!G312 -> 0.74142539 | N207: & | O207: ='pm_24.dat '!H312 -> 0.83064097 | P207: & | Q207: ='pm_24.dat '!I312 -> 0.94639468 | R207: & | S207: ='pm_24.dat '!J312 -> 0.95985969 | T207: & | U207: ='pm_24.dat '!K312 -> 1.0437957 | V207: & | W207: ='pm_24.dat '!L312 -> 1.0124746 | X207: & | Y207: ='pm_24.dat '!M312 -> 1.0564222 | Z207: & | AA207: ='pm_24.dat '!N312 -> 1.0424254 | AB207: & | AC207: ='pm_24.dat '!O312 -> 1.2825423 | AD207: & | AE207: ='pm_24.dat '!P312 -> 1.4509489 | AF207: \\
A208: 2020 | B208: & | C208: -- | D208: & | E208: -- | F208: & | G208: -- | H208: & | I208: -- | J208: & | K208: -- | L208: & | M208: -- | N208: & | O208: -- | P208: & | Q208: -- | R208: & | S208: -- | T208: & | U208: -- | V208: & | W208: -- | X208: & | Y208: -- | Z208: & | AA208: -- | AB208: & | AC208: -- | AD208: & | AE208: -- | AF208: \\
A209: =A208+1 -> 2021 | B209: & | C209: ='pm_24.dat '!B313 -> 0.022498681 | D209: & | E209: ='pm_24.dat '!C313 -> 0.10247386 | F209: & | G209: ='pm_24.dat '!D313 -> 0.23874587 | H209: & | I209: ='pm_24.dat '!E313 -> 0.44695999 | J209: & | K209: ='pm_24.dat '!F313 -> 0.58457981 | L209: & | M209: ='pm_24.dat '!G313 -> 0.71277143 | N209: & | O209: ='pm_24.dat '!H313 -> 0.80419877 | P209: & | Q209: ='pm_24.dat '!I313 -> 0.85590952 | R209: & | S209: ='pm_24.dat '!J313 -> 0.98023943 | T209: & | U209: ='pm_24.dat '!K313 -> 1.1501008 | V209: & | W209: ='pm_24.dat '!L313 -> 1.0649628 | X209: & | Y209: ='pm_24.dat '!M313 -> 1.1514638 | Z209: & | AA209: ='pm_24.dat '!N313 -> 1.3125886 | AB209: & | AC209: ='pm_24.dat '!O313 -> 1.0260876 | AD209: & | AE209: ='pm_24.dat '!P313 -> 1.3824833 | AF209: \\
A210: =A209+1 -> 2022 | B210: & | C210: ='pm_24.dat '!B314 -> 0.017285352 | D210: & | E210: ='pm_24.dat '!C314 -> 0.11726235 | F210: & | G210: ='pm_24.dat '!D314 -> 0.26733573 | H210: & | I210: ='pm_24.dat '!E314 -> 0.44318865 | J210: & | K210: ='pm_24.dat '!F314 -> 0.59097485 | L210: & | M210: ='pm_24.dat '!G314 -> 0.70946782 | N210: & | O210: ='pm_24.dat '!H314 -> 0.78059251 | P210: & | Q210: ='pm_24.dat '!I314 -> 0.88119506 | R210: & | S210: ='pm_24.dat '!J314 -> 0.97573352 | T210: & | U210: ='pm_24.dat '!K314 -> 1.0701158 | V210: & | W210: ='pm_24.dat '!L314 -> 1.3270858 | X210: & | Y210: ='pm_24.dat '!M314 -> 1.3051274 | Z210: & | AA210: ='pm_24.dat '!N314 -> 1.3562492 | AB210: & | AC210: ='pm_24.dat '!O314 -> 1.2389392 | AD210: & | AE210: ='pm_24.dat '!P314 -> 1.8623408 | AF210: \\
A211: =A210+1 -> 2023 | B211: & | C211: ='pm_24.dat '!B315 -> 0.016290283 | D211: & | E211: ='pm_24.dat '!C315 -> 0.11730159 | F211: & | G211: ='pm_24.dat '!D315 -> 0.2713962 | H211: & | I211: ='pm_24.dat '!E315 -> 0.41687565 | J211: & | K211: ='pm_24.dat '!F315 -> 0.53343194 | L211: & | M211: ='pm_24.dat '!G315 -> 0.66030587 | N211: & | O211: ='pm_24.dat '!H315 -> 0.80251332 | P211: & | Q211: ='pm_24.dat '!I315 -> 0.93535797 | R211: & | S211: ='pm_24.dat '!J315 -> 0.96296479 | T211: & | U211: ='pm_24.dat '!K315 -> 1.0104949 | V211: & | W211: ='pm_24.dat '!L315 -> 1.1503332 | X211: & | Y211: ='pm_24.dat '!M315 -> 1.1402658 | Z211: & | AA211: ='pm_24.dat '!N315 -> 1.4628117 | AB211: & | AC211: ='pm_24.dat '!O315 -> 1.8926323 | AD211: & | AE211: ='pm_24.dat '!P315 -> 1.5068638 | AF211: \\
...

Sheet intro.dat
A1: Quantity | B1: 2023 | C1: 2024 | D1: 2024 | E1: 2025
A2: M | B2: (natural | C2: mortality | D2: rate, | E2: ages | F2: 3+) | G2: 0.3 | H2: 0.3 | I2: 0.3 | J2: 0.3
A3: Tier | B3: 1a | C3: 1a | D3: 1a | E3: 1a
A4: Projected | D4: 12389000 | E4: 11445000 | F4: 10184000 | G4: 9437000 | H4: t | I4: t
A5: Projected | B5: female | C5: spawning | D5: 4171000 | E5: 3944000 | F5: 3518000 | G5: 3255000 | M5: t
A6: 𝐵0 | D6: 6653000 | E6: 6653000 | F6: 6728000 | G6: 6728000 | I6: t
A7: 𝐵𝑚𝑠𝑦 | D7: 2674000 | E7: 2674000 | F7: 2689000 | G7: 2689000 | I7: t
A8: 𝐹𝑂𝐹 | B8: 𝐿 | D8: 0.491 | E8: 0.491 | F8: 0.422
A9: 𝑚𝑎𝑥𝐹𝐴𝐵𝐶 | D9: 0.434 | E9: 0.434 | F9: 0.379 | G9: 0.379
A10: 𝐹𝐴𝐵𝐶 | D10: 0.365 | E10: 0.365 | F10: 0.33 | G10: 0.33
A11: 𝑂𝐹 | B11: 𝐿 | D11: 3381000 | E11: 4639000 | F11: 3162000 | G11: 3449000 | H11: t | J11: t
A12: 𝑚𝑎𝑥𝐴𝐵𝐶 | D12: 2987000 | E12: 4099000 | F12: 2837000 | G12: 3095000 | I12: t
A13: 𝐴𝐵𝐶 | D13: 1910000 | E13: 2275000 | F13: 2313000 | G13: 2401000 | I13: t
A14: Status | D14: 2021 | E14: 2022
A15: Overfishing | B15: No | C15: n/a | D15: No | E15: n/a
A16: Overfished | B16: n/a | C16: No | D16: n/a | E16: No
A17: Approaching | B17: overfished | C17: n/a | D17: No | E17: n/a | F17: No
B20: Year | C20: M | D20: Tier | E20: Age3plus | F20: SSB | G20: B0 | H20: Bmsy | I20: Fofl | J20: MaxF | K20: Fabc | L20: OFL | M20: MaxABC | N20: ABC
B21: lastyr_this | C21: 0.3 | D21: 1a | E21: {=TRANSPOSE(F4:G4)} -> 10184000 | F21: {=TRANSPOSE(F5:G5)} -> 3518000 | G21: {=TRANSPOSE(F6:G6)} -> 6728000 | H21: {=TRANSPOSE(F7:G7)} -> 2689000 | I21: 0.491 | J21: 0.379 | K21: 0.33 | L21: {=TRANSPOSE(F11:G11)} -> 3162000 | M21: {=TRANSPOSE(F12:G12)} -> 2837000 | N21: {=TRANSPOSE(F13:G13)} -> 2313000
B22: lastyr_next | C22: 0.3 | D22: 1a | E22: 9437000 | F22: 3255000 | G22: 6728000 | H22: 2689000 | I22: 0.491 | J22: 0.379 | K22: 0.33 | L22: 3449000 | M22: 3095000 | N22: 2401000
F25: 4171000 | G25: 6653000 | H25: 2674000 | I25: 0.491 | J25: 0.434 | K25: 0.365 | L25: 3381000 | M25: 2987000 | N25: 1910000
F26: 3944000 | G26: 6653000 | H26: 2674000 | I26: 0.491 | J26: 0.434 | K26: 0.365 | L26: 4639000 | M26: 4099000 | N26: 2275000
H35: 2025 | I35: 2026
H36: 0.313 | I36: 0.313
H37: 5 | I37: 5
H38: 247137 | I38: 247137
H39: 0.313 | I39: 0.313
H40: 0.23475 | I40: 0.23475
H41: 0.23475 | I41: 0.23475
H42: =H38*M -> 77353.881 | I42: =H42 -> 77353.881
H43: =$H$40*H38 -> 58015.411 | I43: =H43 -> 58015.411
H44: =H43 -> 58015.411 | I44: =I43 -> 58015.411

Sheet pm_24.dat 
B1: #styr
B2: 1964
B3: #styr_bts
B4: 1982
B5: #styr_ats
B6: 1994
B7: #endyr
B8: 2024
B9: #recage
B10: 1
B11: #nages
B12: 15
B13: #p_mature
B14: 0 | C14: 0.008 | D14: 0.289 | E14: 0.641 | F14: 0.842 | G14: 0.901 | H14: 0.947 | I14: 0.963 | J14: 0.97 | K14: 1 | L14: 1 | M14: 1 | N14: 1 | O14: 1 | P14: 1
B15: #ew_ind
B16: 8 | C16: 7 | D16: 2 | E16: 9 | F16: 7 | G16: 7 | H16: 7 | I16: 7 | J16: 8 | K16: 6 | L16: 5 | M16: 7 | N16: 8 | O16: 8 | P16: 7 | Q16: 5 | R16: 4 | S16: 6 | T16: 7 | U16: 8 | V16: 3 | W16: 7 | X16: 7 | Y16: 7 | Z16: 7 | AA16: 8 | AB16: 4 | AC16: 6 | AD16: 2 | AE16: 1 | AF16: 6 | AG16: 6 | AH16: 4 | AI16: 4 | AJ16: 10 | AK16: 4 | AL16: 4 | AM16: 4 | AN16: 4 | AO16: 4 | AP16: 4 | AQ16: 4 | AR16: 4 | AS16: 4 | AT16: 4 | AU16: 4 | AV16: 4 | AW16: 4 | AX16: 4 | AY16: 4 | AZ16: 4 | BA16: 4 | BB16: 4 | BC16: 4 | BD16: 4 | BE16: 4 | BF16: 4 | BG16: 4 | BH16: 4 | BI16: 4 | BJ16: 4
B17: 5 | C17: 6 | D17: 6 | E17: 8 | F17: 5 | G17: 8 | H17: 5 | I17: 4 | J17: 8 | K17: 4 | L17: 5 | M17: 5 | N17: 6 | O17: 5 | P17: 8 | Q17: 11 | R17: 6 | S17: 7 | T17: 9 | U17: 10 | V17: 4 | W17: 4 | X17: 6 | Y17: 5 | Z17: 7 | AA17: 9 | AB17: 5 | AC17: 7 | AD17: 3 | AE17: 5 | AF17: 3 | AG17: 5 | AH17: 4 | AI17: 6 | AJ17: 11 | AK17: 4 | AL17: 4 | AM17: 4 | AN17: 4 | AO17: 4 | AP17: 4 | AQ17: 4 | AR17: 4 | AS17: 4 | AT17: 4 | AU17: 4 | AV17: 4 | AW17: 4 | AX17: 4 | AY17: 4 | AZ17: 4 | BA17: 4 | BB17: 4 | BC17: 4 | BD17: 4 | BE17: 4 | BF17: 4 | BG17: 4 | BH17: 4 | BI17: 4 | BJ17: 4
B18: #wt_fsh
A19: 1964 | B19: 0.0066 | C19: 0.17 | D19: 0.303 | E19: 0.447 | F19: 0.589 | G19: 0.722 | H19: 0.84 | I19: 0.942 | J19: 1.029 | K19: 1.102 | L19: 1.163 | M19: 1.212 | N19: 1.253 | O19: 1.286 | P19: 1.312
A20: =A19+1 -> 1965 | B20: 0.0066 | C20: 0.17 | D20: 0.303 | E20: 0.447 | F20: 0.589 | G20: 0.722 | H20: 0.84 | I20: 0.942 | J20: 1.029 | K20: 1.102 | L20: 1.163 | M20: 1.212 | N20: 1.253 | O20: 1.286 | P20: 1.312
A21: =A20+1 -> 1966 | B21: 0.0066 | C21: 0.17 | D21: 0.303 | E21: 0.447 | F21: 0.589 | G21: 0.722 | H21: 0.84 | I21: 0.942 | J21: 1.029 | K21: 1.102 | L21: 1.163 | M21: 1.212 | N21: 1.253 | O21: 1.286 | P21: 1.312
A22: =A21+1 -> 1967 | B22: 0.0066 | C22: 0.17 | D22: 0.303 | E22: 0.447 | F22: 0.589 | G22: 0.722 | H22: 0.84 | I22: 0.942 | J22: 1.029 | K22: 1.102 | L22: 1.163 | M22: 1.212 | N22: 1.253 | O22: 1.286 | P22: 1.312
A23: =A22+1 -> 1968 | B23: 0.0066 | C23: 0.17 | D23: 0.303 | E23: 0.447 | F23: 0.589 | G23: 0.722 | H23: 0.84 | I23: 0.942 | J23: 1.029 | K23: 1.102 | L23: 1.163 | M23: 1.212 | N23: 1.253 | O23: 1.286 | P23: 1.312
A24: =A23+1 -> 1969 | B24: 0.0066 | C24: 0.17 | D24: 0.303 | E24: 0.447 | F24: 0.589 | G24: 0.722 | H24: 0.84 | I24: 0.942 | J24: 1.029 | K24: 1.102 | L24: 1.163 | M24: 1.212 | N24: 1.253 | O24: 1.286 | P24: 1.312
A25: =A24+1 -> 1970 | B25: 0.0066 | C25: 0.17 | D25: 0.303 | E25: 0.447 | F25: 0.589 | G25: 0.722 | H25: 0.84 | I25: 0.942 | J25: 1.029 | K25: 1.102 | L25: 1.163 | M25: 1.212 | N25: 1.253 | O25: 1.286 | P25: 1.312
A26: =A25+1 -> 1971 | B26: 0.0066 | C26: 0.17 | D26: 0.303 | E26: 0.447 | F26: 0.589 | G26: 0.722 | H26: 0.84 | I26: 0.942 | J26: 1.029 | K26: 1.102 | L26: 1.163 | M26: 1.212 | N26: 1.253 | O26: 1.286 | P26: 1.312
A27: =A26+1 -> 1972 | B27: 0.0066 | C27: 0.17 | D27: 0.303 | E27: 0.447 | F27: 0.589 | G27: 0.722 | H27: 0.84 | I27: 0.942 | J27: 1.029 | K27: 1.102 | L27: 1.163 | M27: 1.212 | N27: 1.253 | O27: 1.286 | P27: 1.312
A28: =A27+1 -> 1973 | B28: 0.0066 | C28: 0.17 | D28: 0.303 | E28: 0.447 | F28: 0.589 | G28: 0.722 | H28: 0.84 | I28: 0.942 | J28: 1.029 | K28: 1.102 | L28: 1.163 | M28: 1.212 | N28: 1.253 | O28: 1.286 | P28: 1.312
A29: =A28+1 -> 1974 | B29: 0.0066 | C29: 0.17 | D29: 0.303 | E29: 0.447 | F29: 0.589 | G29: 0.722 | H29: 0.84 | I29: 0.942 | J29: 1.029 | K29: 1.102 | L29: 1.163 | M29: 1.212 | N29: 1.253 | O29: 1.286 | P29: 1.312
A30: =A29+1 -> 1975 | B30: 0.0066 | C30: 0.17 | D30: 0.303 | E30: 0.447 | F30: 0.589 | G30: 0.722 | H30: 0.84 | I30: 0.942 | J30: 1.029 | K30: 1.102 | L30: 1.163 | M30: 1.212 | N30: 1.253 | O30: 1.286 | P30: 1.312
A31: =A30+1 -> 1976 | B31: 0.0066 | C31: 0.17 | D31: 0.303 | E31: 0.447 | F31: 0.589 | G31: 0.722 | H31: 0.84 | I31: 0.942 | J31: 1.029 | K31: 1.102 | L31: 1.163 | M31: 1.212 | N31: 1.253 | O31: 1.286 | P31: 1.312
... A78: =A77+1 -> 2023 | B78: 0.025182262 | C78: 0.18622176 | D78: 0.492447 | E78: 0.481642 | F78: 0.524421 | G78: 0.605881 | H78: 0.79623 | I78: 0.919782 | J78: 0.955355 | K78: 1.045836 | L78: 1.088177 | M78: 1.267231 | N78: 1.354656 | O78: 1.325267 | P78: 0.950582
A79: =A78+1 -> 2024 | B79: 0.025182262 | C79: 0.18622176 | D79: ='wt24.rep'!B202 -> 0.401336 | E79: ='wt24.rep'!C202 -> 0.667373 | F79: ='wt24.rep'!D202 -> 0.662504 | G79: ='wt24.rep'!E202 -> 0.719546 | H79: ='wt24.rep'!F202 -> 0.790729 | I79: ='wt24.rep'!G202 -> 0.905068 | J79: ='wt24.rep'!H202 -> 1.009136 | K79: ='wt24.rep'!I202 -> 1.061077 | ... P79: ='wt24.rep'!N202 -> 1.368254
B80: #wt_ssb
A81: 1964 | B81: 0.084881666 | C81: 0.19586813 | D81: 0.31376279 | E81: 0.45929554 | F81: 0.5886236 | G81: 0.69781833 | H81: 0.79679874 | I81: 0.91486126 | J81: 1.056957 | K81: 1.1472315 | L81: 1.2901065 | M81: 1.3879179 | N81: 1.4316668 | O81: 1.4070027 | P81: 1.5228669
A82: =A81+1 -> 1965 | B82: 0.084881666 | C82: 0.19586813 | D82: 0.31376279 | E82: 0.45929554 | F82: 0.5886236 | G82: 0.69781833 | H82: 0.79679874 | I82: 0.91486126 | J82: 1.056957 | K82: 1.1472315 | L82: 1.2901065 | M82: 1.3879179 | N82: 1.4316668 | O82: 1.4070027 | P82: 1.5228669
A83: =A82+1 -> 1966 | B83: 0.084881666 | C83: 0.19586813 | D83: 0.31376279 | E83: 0.45929554 | F83: 0.5886236 | G83: 0.69781833 | H83: 0.79679874 | I83: 0.91486126 | J83: 1.056957 | K83: 1.1472315 | L83: 1.2901065 | M83: 1.3879179 | N83: 1.4316668 | O83: 1.4070027 | P83: 1.5228669
A84: =A83+1 -> 1967 | B84: 0.084881666 | C84: 0.19586813 | D84: 0.31376279 | E84: 0.45929554 | F84: 0.5886236 | G84: 0.69781833 | H84: 0.79679874 | I84: 0.91486126 | J84: 1.056957 | K84: 1.1472315 | L84: 1.2901065 | M84: 1.3879179 | N84: 1.4316668 | O84: 1.4070027 | P84: 1.5228669
A85: =A84+1 -> 1968 | B85: 0.084881666 | C85: 0.19586813 | D85: 0.31376279 | E85: 0.45929554 | F85: 0.5886236 | G85: 0.69781833 | H85: 0.79679874 | I85: 0.91486126 | J85: 1.056957 | K85: 1.1472315 | L85: 1.2901065 | M85: 1.3879179 | N85: 1.4316668 | O85: 1.4070027 | P85: 1.5228669
A86: =A85+1 -> 1969 | B86: 0.084881666 | C86: 0.19586813 | D86: 0.31376279 | E86: 0.45929554 | F86: 0.5886236 | G86: 0.69781833 | H86: 0.79679874 | I86: 0.91486126 | J86: 1.056957 | K86: 1.1472315 | L86: 1.2901065 | M86: 1.3879179 | N86: 1.4316668 | O86: 1.4070027 | P86: 1.5228669
A87: =A86+1 -> 1970 | B87: 0.084881666 | C87: 0.19586813 | D87: 0.311072 | E87: 0.427458 | F87: 0.55009 | G87: 0.674562 | H87: 0.797415 | I87: 0.916081 | J87: 1.028772 | K87: 1.134344 | L87: 1.232157 | M87: 1.321963 | N87: 1.403799 | O87: 1.477905 | P87: 1.544656
A88: =A87+1 -> 1971 | B88: 0.084881666 | C88: 0.19586813 | D88: 0.307228 | E88: 0.452313 | F88: 0.576279 | G88: 0.701144 | H88: 0.82365 | I88: 0.941422 | J88: 1.052838 | K88: 1.156889 | L88: 1.253046 | M88: 1.341142 | N88: 1.421276 | O88: 1.49373 | P88: 1.558912
A89: =A88+1 -> 1972 | B89: 0.084881666 | C89: 0.19586813 | D89: 0.321568 | E89: 0.433307 | F89: 0.585158 | G89: 0.711117 | H89: 0.834228 | I89: 0.952199 | J89: 1.063499 | K89: 1.167202 | L89: 1.262849 | M89: 1.350331 | N89: 1.429793 | O89: 1.501553 | P89: 1.566041
A90: =A89+1 -> 1973 | B90: 0.084881666 | C90: 0.19586813 | D90: 0.313585 | E90: 0.464989 | F90: 0.584425 | G90: 0.738544 | H90: 0.862507 | I90: 0.980459 | J90: 1.091068 | K90: 1.193594 | L90: 1.287737 | M90: 1.373516 | N90: 1.451177 | O90: 1.521113 | P90: 1.58381
A91: =A90+1 -> 1974 | B91: 0.084881666 | C91: 0.19586813 | D91: 0.329852 | E91: 0.457189 | F91: 0.6163 | G91: 0.738007 | H91: 0.890127 | I91: 1.008925 | J91: 1.119505 | K91: 1.221329 | L91: 1.314283 | M91: 1.398545 | N91: 1.47449 | O91: 1.542613 | P91: 1.603475
A92: =A91+1 -> 1975 | B92: 0.084881666 | C92: 0.19586813 | D92: 0.298991 | E92: 0.579313 | F92: 0.720039 | G92: 0.883094 | H92: 1.001329 | I92: 1.144476 | J92: 1.250469 | K92: 1.345787 | L92: 1.430982 | M92: 1.506773 | N92: 1.573952 | O92: 1.633328 | P92: 1.685689
A93: =A92+1 -> 1976 | B93: 0.084881666 | C93: 0.19586813 | D93: 0.332728 | E93: 0.441983 | F93: 0.729979 | G93: 0.872966 | H93: 1.034031 | I93: 1.147123 | J93: 1.28293 | K93: 1.380174 | L93: 1.465961 | M93: 1.541319 | N93: 1.607317 | O93: 1.664999 | P93: 1.71534
... A107: =A106+1 -> 1990 | B107: 0.084881666 | C107: 0.19586813 | D107: 0.28947 | E107: 0.422648 | F107: 0.567631 | G107: 0.684074 | H107: 0.740464 | I107: 0.875682 | J107: 0.974076 | K107: 1.070966 | L107: 1.181882 | M107: 1.298723 | N107: 1.47171 | O107: 1.696219 | P107: 1.816089
A108: =A107+1 -> 1991 | B108: 0.084881666 | C108: 0.19586813 | D108: =ssbwt24.rep!B169 -> 0.303995 | E108: =ssbwt24.rep!C169 -> 0.454876 | F108: =ssbwt24.rep!D169 -> 0.59637 | G108: =ssbwt24.rep!E169 -> 0.743919 | H108: =ssbwt24.rep!F169 -> 0.858394 | I108: =ssbwt24.rep!G169 -> 0.908293 | J108: =ssbwt24.rep!H169 -> 1.035525 | K108: =ssbwt24.rep!I169 -> 1.123959 | ... P108: =ssbwt24.rep!N169 -> 1.79565
A109: =A108+1 -> 1992 | B109: 0.084881666 | C109: 0.19586813 | D109: =ssbwt24.rep!B170 -> 0.341013 | E109: =ssbwt24.rep!C170 -> 0.392591 | F109: =ssbwt24.rep!D170 -> 0.548384 | G109: =ssbwt24.rep!E170 -> 0.691492 | H109: =ssbwt24.rep!F170 -> 0.838041 | I109: =ssbwt24.rep!G170 -> 0.949556 | J109: =ssbwt24.rep!H170 -> 0.995113 | K109: =ssbwt24.rep!I170 -> 1.117097 | ... P109: =ssbwt24.rep!N170 -> 1.632737
A110: =A109+1 -> 1993 | B110: 0.084881666 | C110: 0.19586813 | D110: =ssbwt24.rep!B171 -> 0.39329 | E110: =ssbwt24.rep!C171 -> 0.516376 | F110: =ssbwt24.rep!D171 -> 0.577679 | G110: =ssbwt24.rep!E171 -> 0.736666 | H110: =ssbwt24.rep!F171 -> 0.877793 | I110: =ssbwt24.rep!G171 -> 1.018485 | J110: =ssbwt24.rep!H171 -> 1.121405 | K110: =ssbwt24.rep!I171 -> 1.156573 | ... P110: =ssbwt24.rep!N171 -> 1.578699
A111: =A110+1 -> 1994 | B111: 0.084881666 | C111: 0.19586813 | D111: =ssbwt24.rep!B172 -> 0.361755 | E111: =ssbwt24.rep!C172 -> 0.534275 | F111: =ssbwt24.rep!D172 -> 0.665179 | G111: =ssbwt24.rep!E172 -> 0.729049 | H111: =ssbwt24.rep!F172 -> 0.886444 | I111: =ssbwt24.rep!G172 -> 1.022863 | J111: =ssbwt24.rep!H172 -> 1.156644 | K111: =ssbwt24.rep!I172 -> 1.251212 | ... P111: =ssbwt24.rep!N172 -> 1.572683
A112: =A111+1 -> 1995 | B112: 0.084881666 | C112: 0.19586813 | D112: =ssbwt24.rep!B173 -> 0.316876 | E112: =ssbwt24.rep!C173 -> 0.471041 | F112: =ssbwt24.rep!D173 -> 0.64962 | G112: =ssbwt24.rep!E173 -> 0.782515 | H112: =ssbwt24.rep!F173 -> 0.845151 | I112: =ssbwt24.rep!G173 -> 0.998896 | J112: =ssbwt24.rep!H173 -> 1.129958 | K112: =ssbwt24.rep!I173 -> 1.257265 | ... P112: =ssbwt24.rep!N173 -> 1.563392
A113: =A112+1 -> 1996 | B113: 0.084881666 | C113: 0.19586813 | D113: =ssbwt24.rep!B174 -> 0.33453 | E113: =ssbwt24.rep!C174 -> 0.391138 | F113: =ssbwt24.rep!D174 -> 0.54942 | G113: =ssbwt24.rep!E174 -> 0.729352 | H113: =ssbwt24.rep!F174 -> 0.861408 | I113: =ssbwt24.rep!G174 -> 0.921564 | J113: =ssbwt24.rep!H174 -> 1.071669 | K113: =ssbwt24.rep!I174 -> 1.198332 | ... P113: =ssbwt24.rep!N174 -> 1.554802
A114: =A113+1 -> 1997 | B114: 0.084881666 | C114: 0.19586813 | D114: =ssbwt24.rep!B175 -> 0.354693 | E114: =ssbwt24.rep!C175 -> 0.444994 | F114: =ssbwt24.rep!D175 -> 0.507727 | G114: =ssbwt24.rep!E175 -> 0.668021 | H114: =ssbwt24.rep!F175 -> 0.846706 | I114: =ssbwt24.rep!G175 -> 0.975073 | J114: =ssbwt24.rep!H175 -> 1.029814 | K114: =ssbwt24.rep!I175 -> 1.173375 | ... P114: =ssbwt24.rep!N175 -> 1.570748
A115: =A114+1 -> 1998 | B115: 0.084881666 | C115: 0.19586813 | D115: =ssbwt24.rep!B176 -> 0.310204 | E115: =ssbwt24.rep!C176 -> 0.40113 | F115: =ssbwt24.rep!D176 -> 0.494005 | G115: =ssbwt24.rep!E176 -> 0.557584 | H115: =ssbwt24.rep!F176 -> 0.717354 | I115: =ssbwt24.rep!G176 -> 0.894488 | J115: =ssbwt24.rep!H176 -> 1.020578 | K115: =ssbwt24.rep!I176 -> 1.072568 | ... P115: =ssbwt24.rep!N176 -> 1.516461
A116: =A115+1 -> 1999 | B116: 0.084881666 | C116: 0.19586813 | D116: =ssbwt24.rep!B177 -> 0.329857 | E116: =ssbwt24.rep!C177 -> 0.431611 | F116: =ssbwt24.rep!D177 -> 0.529269 | G116: =ssbwt24.rep!E177 -> 0.624356 | H116: =ssbwt24.rep!F177 -> 0.686564 | I116: =ssbwt24.rep!G177 -> 0.842279 | J116: =ssbwt24.rep!H177 -> 1.013462 | K116: =ssbwt24.rep!I177 -> 1.13236 | ... P116: =ssbwt24.rep!N177 -> 1.584874
A117: =A116+1 -> 2000 | B117: 0.084881666 | C117: 0.19586813 | D117: =ssbwt24.rep!B178 -> 0.301302 | E117: =ssbwt24.rep!C178 -> 0.40886 | F117: =ssbwt24.rep!D178 -> 0.514995 | G117: =ssbwt24.rep!E178 -> 0.614092 | H117: =ssbwt24.rep!F178 -> 0.708286 | I117: =ssbwt24.rep!G178 -> 0.767856 | J117: =ssbwt24.rep!H178 -> 0.919698 | K117: =ssbwt24.rep!I178 -> 1.086201 | ... P117: =ssbwt24.rep!N178 -> 1.567356
A118: =A117+1 -> 2001 | B118: 0.084881666 | C118: 0.19586813 | D118: =ssbwt24.rep!B179 -> 0.338715 | E118: =ssbwt24.rep!C179 -> 0.453167 | F118: =ssbwt24.rep!D179 -> 0.569146 | G118: =ssbwt24.rep!E179 -> 0.678047 | H118: =ssbwt24.rep!F179 -> 0.775429 | I118: =ssbwt24.rep!G179 -> 0.864552 | J118: =ssbwt24.rep!H179 -> 0.916677 | K118: =ssbwt24.rep!I179 -> 1.059523 | ... P118: =ssbwt24.rep!N179 -> 1.558254
A119: =A118+1 -> 2002 | B119: 0.084881666 | C119: 0.19586813 | D119: =ssbwt24.rep!B180 -> 0.332801 | E119: =ssbwt24.rep!C180 -> 0.449642 | F119: =ssbwt24.rep!D180 -> 0.570245 | G119: =ssbwt24.rep!E180 -> 0.688244 | H119: =ssbwt24.rep!F180 -> 0.795892 | I119: =ssbwt24.rep!G180 -> 0.88957 | J119: =ssbwt24.rep!H180 -> 0.973255 | K119: =ssbwt24.rep!I180 -> 1.01881 | ... P119: =ssbwt24.rep!N180 -> 1.530514
... A141: =A140+1 -> 2024 | B141: 0.084881666 | C141: 0.19586813 | D141: =ssbwt24.rep!B202 -> 0.321552 | E141: =ssbwt24.rep!C202 -> 0.533944 | F141: =ssbwt24.rep!D202 -> 0.620779 | G141: =ssbwt24.rep!E202 -> 0.7071 | H141: =ssbwt24.rep!F202 -> 0.822196 | I141: =ssbwt24.rep!G202 -> 0.945909 | J141: =ssbwt24.rep!H202 -> 1.051203 | K141: =ssbwt24.rep!I202 -> 1.113381 | ... P141: =ssbwt24.rep!N202 -> 1.415238
B142: #obs_catch | C142: 1965 | D142: =C142+1 -> 1966 | E142: =D142+1 -> 1967 | F142: =E142+1 -> 1968 | G142: =F142+1 -> 1969 | H142: =G142+1 -> 1970 | I142: =H142+1 -> 1971 | J142: =I142+1 -> 1972 | K142: =J142+1 -> 1973 | ... BJ142: =BI142+1 -> 2024
B143: 174.792 | C143: 230.551 | D143: 261.678 | E143: 550.362 | F143: 702.181 | G143: 862.789 | H143: 1256.565 | I143: 1743.763 | J143: 1874.534 | K143: 1758.919 | L143: 1588.39 | M143: 1356.736 | N143: 1177.822 | O143: 978.37 | P143: 979.431 | Q143: 935.714 | R143: 958.28 | S143: 973.502 | T143: 955.964 | U143: 981.45 | V143: 1092.055 | W143: 1139.676 | X143: 1141.993 | Y143: 859.416 | Z143: 1228.721 | AA143: 1229.6 | AB143: 1455.193 | AC143: 1195.6639 | AD143: 1390.3092 | AE143: 1326.609 | AF143: 1329.3731 | AG143: 1264.2469 | AH143: 1192.7811 | AI143: 1124.4331 | AJ143: 1102.1591 | AK143: 989.68031 | AL143: 1132.7098 | AM143: 1387.197 | AN143: 1480.7761 | AO143: 1490.7792 | AP143: 1480.5517 | AQ143: 1483.0218 | AR143: 1488.031 | AS143: 1354.5018 | AT143: 990.57807 | AU143: 810.78435 | AV143: 810.18591 | AW143: 1199.0406 | AX143: 1205.2219 | AY143: 1270.7705 | AZ143: 1297.4223 | BA143: 1321.5838 | BB143: 1352.6808 | BC143: 1359.1821 | BD143: 1379.2873 | BE143: 1409.3371 | BF143: 1367.229 | BG143: 1376.2576 | BH143: 1105.4187 | BI143: =Pcod!$B$16/1000 -> 1310.7156 | BJ143: 1300
B144: #obs_effort
B145: 0.56385 | C145: 0.38425 | D145: 0.35362 | E145: 0.67946 | F145: 0.62695 | G145: 0.60335 | H145: 1.03848 | I145: 1.55693 | J145: 1.5365 | K145: 1.72443 | L145: 1.57266 | M145: 1.49092 | N145: 1.28024 | O145: 1.5269467 | P145: 1.5219494 | Q145: 1.5195244 | R145: 1.4853734 | S145: 1.4853734 | T145: 1.4853734 | U145: 1.4853734 | V145: 1.4853734 | W145: 1.4853734 | X145: 1.4853734 | Y145: 1.4853734 | Z145: 1.4853734 | AA145: 1.4853734 | AB145: 1.4853734 | AC145: 1.4853734 | AD145: 1.4853734 | AE145: 1.4853734 | AF145: 1.4853734 | AG145: 1.4853734 | AH145: 1.4853734 | AI145: 1.4853734 | AJ145: 1.4853734 | AK145: 1.4853734 | AL145: 1.4853734 | AM145: 1.4853734 | AN145: 1.4853734 | AO145: 1.5 | AP145: 1.5 | AQ145: 1.5 | AR145: 1.5 | AS145: 1.5 | AT145: 1.5 | AU145: 1.5 | AV145: 1.5 | AW145: 1.5 | AX145: 1.5 | AY145: 1.5 | AZ145: 1.5 | BA145: 1.5 | BB145: 1.5 | BC145: 1.5 | BD145: 1.5 | BE145: 1.5 | BF145: 1.5 | BG145: 1.5 | BH145: 1.5 | BI145: 1.4 | BJ145: 1.4
B146: #n_cpue
B147: 12
B148: #yrs_cpue
B149: 1965 | C149: 1966 | D149: 1967 | E149: 1968 | F149: 1969 | G149: 1970 | H149: 1971 | I149: 1972 | J149: 1973 | K149: 1974 | L149: 1975 | M149: 1976
B150: #obs_cpue
A151: =COUNT(B151:CI151) -> 12 | B151: 2816.4374 | C151: 3473.5805 | D151: 3802.1699 | E151: 5257.3046 | F151: 6712.4684 | G151: 5679.8098 | H151: 5257.3313 | I151: 5726.7435 | J151: 4787.9239 | K151: 4740.9926 | L151: 4271.5745 | M151: 4318.5231
A152: =COUNT(B152:CI152) -> 0 | B152: #obs_cpue_std
A153: =COUNT(B153:CI153) -> 12 | B153: 563.28749 | C153: 694.71609 | D153: 760.43398 | E153: 1051.4609 | F153: 1342.4937 | G153: 1135.962 | H153: 1051.4663 | I153: 1145.3487 | J153: 957.58479 | K153: 948.19852 | L153: 854.31489 | M153: 863.70461
B154: #n_avo
B155: =A157 -> 18
B156: #yrs_avo
A157: =COUNT(B157:CI157) -> 18 | B157: ='AVO24'!E46 -> 2006 | C157: ='AVO24'!F46 -> 2007 | D157: ='AVO24'!G46 -> 2008 | E157: ='AVO24'!H46 -> 2009 | F157: ='AVO24'!I46 -> 2010 | G157: ='AVO24'!J46 -> 2011 | H157: ='AVO24'!K46 -> 2012 | I157: ='AVO24'!L46 -> 2013 | ... S157: ='AVO24'!V46 -> 2024
B158: #ob_avo
A159: =COUNT(B159:CI159) -> 18 | B159: ='AVO24'!E48 -> 1.7414761 | C159: ='AVO24'!F48 -> 2.0019131 | D159: ='AVO24'!G48 -> 0.99154315 | E159: ='AVO24'!H48 -> 0.6951 | F159: ='AVO24'!I48 -> 1.9218 | G159: ='AVO24'!J48 -> 1.7038226 | H159: ='AVO24'!K48 -> 1.5206 | I159: ='AVO24'!L48 -> 2.1776296 | ... S159: ='AVO24'!V48 -> 2.0070096
B160: #ob_avo_std
A161: =COUNT(B161:CI161) -> 18 | B161: ='AVO24'!E50 -> 0.40797433 | C161: ='AVO24'!F50 -> 0.79543824 | D161: ='AVO24'!G50 -> 0.29286518 | E161: ='AVO24'!H50 -> 0.39009569 | F161: ='AVO24'!I50 -> 0.57919325 | G161: ='AVO24'!J50 -> 0.44767778 | H161: ='AVO24'!K50 -> 0.37193845 | I161: ='AVO24'!L50 -> 0.39011599 | ... S161: ='AVO24'!V50 -> 0.25081447
B162: #wt_avo
B163: 0.019380752 | C163: 0.10145982 | D163: 0.24414475 | E163: 0.37814567 | F163: 0.52699223 | G163: 0.65206661 | H163: 0.76360385 | I163: 0.84666802 | J163: 0.93351983 | K163: 0.97143749 | L163: 1.0011509 | M163: 1.1495347 | N163: 1.2116872 | O163: 1.2810498 | P163: 1.1799178
B164: 0.018495649 | C164: 0.087193364 | D164: 0.27924741 | E164: 0.43718783 | F164: 0.5824888 | G164: 0.6866324 | H164: 0.78823632 | I164: 0.87099973 | J164: 0.97010019 | K164: 1.1027085 | L164: 1.1056715 | M164: 1.2369484 | N164: 1.2354868 | O164: 1.7494603 | P164: 1.2306266
B165: 0.022553568 | C165: 0.083533376 | D165: 0.21397106 | E165: 0.40660791 | F165: 0.57580061 | G165: 0.68906324 | H165: 0.80522349 | I165: 0.98197085 | J165: 0.96832022 | K165: 1.2625576 | L165: 1.2472124 | M165: 1.246649 | N165: 1.3897058 | O165: 1.6380327 | P165: 1.2469683
B166: 0.020319991 | C166: 0.10850146 | D166: 0.24195862 | E166: 0.4164507 | F166: 0.64661925 | G166: 0.78533266 | H166: 0.95014345 | I166: 1.0306216 | J166: 1.0640246 | K166: 1.3283555 | L166: 1.3265419 | M166: 1.5470371 | N166: 1.5565859 | O166: 1.5368162 | P166: 1.743716
B167: 0.031689084 | C167: 0.11734315 | D167: 0.22125759 | E167: 0.44114834 | F167: 0.56523318 | G167: 0.72191307 | H167: 0.93679944 | I167: 1.3365649 | J167: 1.5744842 | K167: 1.6224372 | L167: 1.6925292 | M167: 1.8953568 | N167: 1.9269976 | O167: 1.9414515 | P167: 1.9617744
B168: 0.029375575 | C168: 0.1066314 | D168: 0.20897274 | E168: 0.40841346 | F168: 0.54885838 | G168: 0.7058609 | H168: 0.88746962 | I168: 1.132474 | J168: 1.4220403 | K168: 1.4447743 | L168: 1.5104186 | M168: 1.6415488 | N168: 1.6941675 | O168: 1.8530975 | P168: 1.8597176
B169: 0.027062065 | C169: 0.095919642 | D169: 0.19668789 | E169: 0.37567858 | F169: 0.53248357 | G169: 0.68980873 | H169: 0.8381398 | I169: 0.92838322 | J169: 1.2695964 | K169: 1.2671114 | L169: 1.3283081 | M169: 1.3877408 | N169: 1.4613373 | O169: 1.7647434 | P169: 1.7576609
B170: 0.029375575 | C170: 0.1066314 | D170: 0.20897274 | E170: 0.40841346 | F170: 0.54885838 | G170: 0.7058609 | H170: 0.88746962 | I170: 1.132474 | J170: 1.4220403 | K170: 1.4447743 | L170: 1.5104186 | M170: 1.6415488 | N170: 1.6941675 | O170: 1.8530975 | P170: 1.8597176
B171: 0.025225422 | C171: 0.13456104 | D171: 0.22362502 | E171: 0.39429725 | F171: 0.54727595 | G171: 0.69453373 | H171: 0.76282846 | I171: 0.99709786 | J171: 1.1420141 | K171: 1.2663643 | L171: 1.4441065 | M171: 1.7110011 | N171: 1.9030163 | O171: 1.7945568 | P171: 1.7766869
B172: 0.022663922 | C172: 0.076370721 | D172: 0.20628749 | E172: 0.38888217 | F172: 0.57437084 | G172: 0.62703836 | H172: 0.80576405 | I172: 0.94094099 | J172: 1.0459384 | K172: 1.0655101 | L172: 1.305556 | M172: 1.6099145 | N172: 1.4115746 | O172: 1.611457 | P172: 2.2200154
B173: 0.033300215 | C173: 0.10991502 | D173: 0.26589982 | E173: 0.48098001 | F173: 0.53885808 | G173: 0.63233835 | H173: 0.69664413 | I173: 0.78559349 | J173: 0.84670904 | K173: 0.96047921 | L173: 1.1667735 | M173: 1.3694739 | N173: 1.6232019 | O173: 1.6847912 | P173: 1.738218
B174: 0.021695848 | C174: 0.098126926 | D174: 0.19830637 | E174: 0.39827525 | F174: 0.52798779 | G174: 0.59520439 | H174: 0.6859676 | I174: 0.73654038 | J174: 0.81809529 | K174: 0.81914845 | L174: 0.94734699 | M174: 0.8157862 | N174: 1.1828316 | O174: 1.3194748 | P174: 1.5784266
... B179: 0.022340126 | C179: 0.1630705 | D179: 0.2808743 | E179: 0.37731544 | F179: 0.47539211 | G179: 0.56840109 | H179: 0.73328094 | I179: 0.80313542 | J179: 0.84026475 | K179: 0.95574643 | L179: 1.0771893 | M179: 0.99408522 | N179: 1.2164997 | O179: 1.3506979 | P179: 1.9693903
B180: =[2]pollock_biomass_num_length_by_r!R22 -> 0.016258697 | C180: =[2]pollock_biomass_num_length_by_r!S22 -> 0.086594742 | D180: =[2]pollock_biomass_num_length_by_r!T22 -> 0.30182416 | E180: =[2]pollock_biomass_num_length_by_r!U22 -> 0.42924925 | F180: =[2]pollock_biomass_num_length_by_r!V22 -> 0.50915456 | G180: =[2]pollock_biomass_num_length_by_r!W22 -> 0.54300278 | H180: =[2]pollock_biomass_num_length_by_r!X22 -> 0.62247716 | I180: =[2]pollock_biomass_num_length_by_r!Y22 -> 0.73992142 | ... P180: =[2]pollock_biomass_num_length_by_r!AF22 -> 2.4030599
B181: #ngears
B182: 3
B183: #minind
B184: 1 | C184: 1 | D184: 1
...

Sheet Sheet9
C2: & | D2: 1 | E2: & | F2: 2 | G2: & | H2: 3 | I2: & | J2: 4 | K2: & | L2: 5 | M2: & | N2: 6 | O2: & | P2: 7 | Q2: & | R2: 8 | S2: & | T2: 9 | U2: & | V2: 10 | W2: & | X2: 11 | Y2: & | Z2: 12 | AA2: & | AB2: 13 | AC2: & | AD2: 14 | AE2: & | AF2: Sum | AG2: \\
B3: \hline
B4: 1979 | C4: & | D4: 101.4 | E4: & | F4: 543 | G4: & | H4: 719.8 | I4: & | J4: 420.1 | K4: & | L4: 392.5 | M4: & | N4: 215.5 | O4: & | P4: 56.3 | Q4: & | R4: 25.7 | S4: & | T4: 35.9 | U4: & | V4: 27.5 | W4: & | X4: 17.6 | Y4: & | Z4: 7.9 | AA4: & | AB4: 3 | AC4: & | AD4: 1.1 | AE4: & | AF4: =SUM(C4:AE4) -> 2567.3 | AG4: \\
B5: 1980 | C5: & | D5: 9.8 | E5: & | F5: 462.2 | G5: & | H5: 822.9 | I5: & | J5: 443.3 | K5: & | L5: 252.1 | M5: & | N5: 210.9 | O5: & | P5: 83.7 | Q5: & | R5: 37.6 | S5: & | T5: 21.7 | U5: & | V5: 23.9 | W5: & | X5: 25.4 | Y5: & | Z5: 15.9 | AA5: & | AB5: 7.7 | AC5: & | AD5: 3.7 | AE5: & | AF5: =SUM(C5:AE5) -> 2420.8 | AG5: \\
B6: 1981 | C6: & | D6: 0.6 | E6: & | F6: 72.2 | G6: & | H6: 1012.7 | I6: & | J6: 637.9 | K6: & | L6: 227 | M6: & | N6: 102.9 | O6: & | P6: 51.7 | Q6: & | R6: 29.6 | S6: & | T6: 16.1 | U6: & | V6: 9.3 | W6: & | X6: 7.5 | Y6: & | Z6: 4.6 | AA6: & | AB6: 1.5 | AC6: & | AD6: 1 | AE6: & | AF6: =SUM(C6:AE6) -> 2174.6 | AG6: \\
B7: 1982 | C7: & | D7: 4.7 | E7: & | F7: 25.3 | G7: & | H7: 161.4 | I7: & | J7: 1172.2 | K7: & | L7: 422.3 | M7: & | N7: 103.7 | O7: & | P7: 36 | Q7: & | R7: 36 | S7: & | T7: 21.5 | U7: & | V7: 9.1 | W7: & | X7: 5.4 | Y7: & | Z7: 3.2 | AA7: & | AB7: 1.9 | AC7: & | AD7: 1 | AE7: & | AF7: =SUM(C7:AE7) -> 2003.7 | AG7: \\
B8: 1983 | C8: & | D8: 5.1 | E8: & | F8: 118.6 | G8: & | H8: 157.8 | I8: & | J8: 312.9 | K8: & | L8: 816.8 | M8: & | N8: 218.2 | O8: & | P8: 41.4 | Q8: & | R8: 24.7 | S8: & | T8: 19.8 | U8: & | V8: 11.1 | W8: & | X8: 7.6 | Y8: & | Z8: 4.9 | AA8: & | AB8: 3.5 | AC8: & | AD8: 2.1 | AE8: & | AF8: =SUM(C8:AE8) -> 1744.5 | AG8: \\
B9: 1984 | C9: & | D9: 2.1 | E9: & | F9: 45.8 | G9: & | H9: 88.6 | I9: & | J9: 430.4 | K9: & | L9: 491.4 | M9: & | N9: 653.6 | O9: & | P9: 133.7 | Q9: & | R9: 35.5 | S9: & | T9: 25.1 | U9: & | V9: 15.6 | W9: & | X9: 7.1 | Y9: & | Z9: 2.5 | AA9: & | AB9: 2.9 | AC9: & | AD9: 3.7 | AE9: & | AF9: =SUM(C9:AE9) -> 1938 | AG9: \\
B10: 1985 | C10: & | D10: 2.6 | E10: & | F10: 55.2 | G10: & | H10: 381.2 | I10: & | J10: 121.7 | K10: & | L10: 365.7 | M10: & | N10: 321.5 | O10: & | P10: 443.2 | Q10: & | R10: 112.5 | S10: & | T10: 36.6 | U10: & | V10: 25.8 | W10: & | X10: 24.8 | Y10: & | Z10: 10.7 | AA10: & | AB10: 9.4 | AC10: & | AD10: 9.1 | AE10: & | AF10: =SUM(C10:AE10) -> 1920 | AG10: \\
B11: 1986 | C11: & | D11: 3.1 | E11: & | F11: 86 | G11: & | H11: 92.3 | I11: & | J11: 748.6 | K11: & | L11: 214.1 | M11: & | N11: 378.1 | O11: & | P11: 221.9 | Q11: & | R11: 214.3 | S11: & | T11: 59.7 | U11: & | V11: 15.2 | W11: & | X11: 3.3 | Y11: & | Z11: 2.6 | AA11: & | AB11: 0.3 | AC11: & | AD11: 1.2 | AE11: & | AF11: =SUM(C11:AE11) -> 2040.7 | AG11: \\
B12: 1987 | C12: & | D12: - | E12: & | F12: 19.8 | G12: & | H12: 111.5 | I12: & | J12: 77.6 | K12: & | L12: 413.4 | M12: & | N12: 138.8 | O12: & | P12: 122.4 | Q12: & | R12: 90.6 | S12: & | T12: 247.2 | U12: & | V12: 54.1 | W12: & | X12: 38.7 | Y12: & | Z12: 21.4 | AA12: & | AB12: 28.9 | AC12: & | AD12: 14.1 | AE12: & | AF12: =SUM(C12:AE12) -> 1378.5 | AG12: \\
B13: 1988 | C13: & | D13: - | E13: & | F13: 10.7 | G13: & | H13: 454 | I13: & | J13: 421.6 | K13: & | L13: 252.1 | M13: & | N13: 544.3 | O13: & | P13: 224.8 | Q13: & | R13: 104.9 | S13: & | T13: 39.2 | U13: & | V13: 96.8 | W13: & | X13: 18.2 | Y13: & | Z13: 10.2 | AA13: & | AB13: 3.8 | AC13: & | AD13: 11.7 | AE13: & | AF13: =SUM(C13:AE13) -> 2192.3 | AG13: \\
B14: 1989 | C14: & | D14: - | E14: & | F14: 4.8 | G14: & | H14: 55.1 | I14: & | J14: 149 | K14: & | L14: 451.1 | M14: & | N14: 166.7 | O14: & | P14: 572.2 | Q14: & | R14: 96.3 | S14: & | T14: 103.8 | U14: & | V14: 32.4 | W14: & | X14: 129 | Y14: & | Z14: 10.9 | AA14: & | AB14: 4 | AC14: & | AD14: 8.5 | AE14: & | AF14: =SUM(C14:AE14) -> 1783.8 | AG14: \\
B15: 1990 | C15: & | D15: 1.3 | E15: & | F15: 33 | G15: & | H15: 57 | I15: & | J15: 219.5 | K15: & | L15: 200.7 | M15: & | N15: 477.7 | O15: & | P15: 129.2 | Q15: & | R15: 368.4 | S15: & | T15: 65.7 | U15: & | V15: 101.9 | W15: & | X15: 9 | Y15: & | Z15: 60.1 | AA15: & | AB15: 8.5 | AC15: & | AD15: 13.9 | AE15: & | AF15: =SUM(C15:AE15) -> 1745.9 | AG15: \\
B16: 1991 | C16: & | D16: =('pm_24.dat '!B237)/1000000 -> 0.68357769 | E16: & | F16: =('pm_24.dat '!C237)/1000000 -> 112.88009 | G16: & | H16: =('pm_24.dat '!D237)/1000000 -> 43.777914 | I16: & | J16: =('pm_24.dat '!E237)/1000000 -> 90.273358 | K16: & | L16: =('pm_24.dat '!F237)/1000000 -> 153.87205 | M16: & | N16: =('pm_24.dat '!G237)/1000000 -> 184.42183 | O16: & | P16: =('pm_24.dat '!H237)/1000000 -> 497.48847 | Q16: & | R16: =('pm_24.dat '!I237)/1000000 -> 78.130957 | S16: & | T16: =('pm_24.dat '!J237)/1000000 -> 288.01465 | U16: & | V16: =('pm_24.dat '!K237)/1000000 -> 28.863692 | W16: & | X16: =('pm_24.dat '!L237)/1000000 -> 144.07992 | Y16: & | Z16: =('pm_24.dat '!M237)/1000000 -> 18.687567 | AA16: & | AB16: =('pm_24.dat '!N237)/1000000 -> 91.16064 | AC16: & | AD16: =('pm_24.dat '!O237)/1000000 -> 22.766499 | AE16: & | AF16: =SUM(C16:AE16) -> 1755.1012 | AG16: \\
B17: 1992 | C17: & | D17: =('pm_24.dat '!B238)/1000000 -> 1.1026227 | E17: & | F17: =('pm_24.dat '!C238)/1000000 -> 84.67815 | G17: & | H17: =('pm_24.dat '!D238)/1000000 -> 675.76178 | I17: & | J17: =('pm_24.dat '!E238)/1000000 -> 130.06698 | K17: & | L17: =('pm_24.dat '!F238)/1000000 -> 79.592748 | M17: & | N17: =('pm_24.dat '!G238)/1000000 -> 108.67359 | O17: & | P17: =('pm_24.dat '!H238)/1000000 -> 133.75984 | Q17: & | R17: =('pm_24.dat '!I238)/1000000 -> 253.63016 | S17: & | T17: =('pm_24.dat '!J238)/1000000 -> 102.2884 | U17: & | V17: =('pm_24.dat '!K238)/1000000 -> 147.01128 | W17: & | X17: =('pm_24.dat '!L238)/1000000 -> 57.951821 | Y17: & | Z17: =('pm_24.dat '!M238)/1000000 -> 46.342257 | AA17: & | AB17: =('pm_24.dat '!N238)/1000000 -> 13.434732 | AC17: & | AD17: =('pm_24.dat '!O238)/1000000 -> 43.823793 | AE17: & | AF17: =SUM(C17:AE17) -> 1878.1182 | AG17: \\
B18: 1993 | C18: & | D18: =('pm_24.dat '!B239)/1000000 -> 0.066176086 | E18: & | F18: =('pm_24.dat '!C239)/1000000 -> 7.4263371 | G18: & | H18: =('pm_24.dat '!D239)/1000000 -> 260.51245 | I18: & | J18: =('pm_24.dat '!E239)/1000000 -> 1146.6784 | K18: & | L18: =('pm_24.dat '!F239)/1000000 -> 102.97639 | M18: & | N18: =('pm_24.dat '!G239)/1000000 -> 66.160522 | O18: & | P18: =('pm_24.dat '!H239)/1000000 -> 66.364141 | Q18: & | R18: =('pm_24.dat '!I239)/1000000 -> 56.464135 | S18: & | T18: =('pm_24.dat '!J239)/1000000 -> 86.182155 | U18: & | V18: =('pm_24.dat '!K239)/1000000 -> 21.160222 | W18: & | X18: =('pm_24.dat '!L239)/1000000 -> 32.683045 | Y18: & | Z18: =('pm_24.dat '!M239)/1000000 -> 12.357608 | AA18: & | AB18: =('pm_24.dat '!N239)/1000000 -> 13.46963 | AC18: & | AD18: =('pm_24.dat '!O239)/1000000 -> 6.7619185 | AE18: & | AF18: =SUM(C18:AE18) -> 1879.2631 | AG18: \\
B19: 1994 | C19: & | D19: =('pm_24.dat '!B240)/1000000 -> 0.74951842 | E19: & | F19: =('pm_24.dat '!C240)/1000000 -> 30.188764 | G19: & | H19: =('pm_24.dat '!D240)/1000000 -> 55.145321 | I19: & | J19: =('pm_24.dat '!E240)/1000000 -> 361.15131 | K19: & | L19: =('pm_24.dat '!F240)/1000000 -> 1059.6601 | M19: & | N19: =('pm_24.dat '!G240)/1000000 -> 175.69439 | O19: & | P19: =('pm_24.dat '!H240)/1000000 -> 53.53142 | Q19: & | R19: =('pm_24.dat '!I240)/1000000 -> 19.105978 | S19: & | T19: =('pm_24.dat '!J240)/1000000 -> 13.140717 | U19: & | V19: =('pm_24.dat '!K240)/1000000 -> 20.163831 | W19: & | X19: =('pm_24.dat '!L240)/1000000 -> 9.7152403 | Y19: & | Z19: =('pm_24.dat '!M240)/1000000 -> 9.3818806 | AA19: & | AB19: =('pm_24.dat '!N240)/1000000 -> 7.5549726 | AC19: & | AD19: =('pm_24.dat '!O240)/1000000 -> 3.9648417 | AE19: & | AF19: =SUM(C19:AE19) -> 1819.1482 | AG19: \\
B20: 1995 | C20: & | D20: =('pm_24.dat '!B241)/1000000 -> 1.001e-05 | E20: & | F20: =('pm_24.dat '!C241)/1000000 -> 0.51434873 | G20: & | H20: =('pm_24.dat '!D241)/1000000 -> 72.90675 | I20: & | J20: =('pm_24.dat '!E241)/1000000 -> 146.78665 | K20: & | L20: =('pm_24.dat '!F241)/1000000 -> 395.47252 | M20: & | N20: =('pm_24.dat '!G241)/1000000 -> 761.10642 | O20: & | P20: =('pm_24.dat '!H241)/1000000 -> 136.27122 | Q20: & | R20: =('pm_24.dat '!I241)/1000000 -> 34.575493 | S20: & | T20: =('pm_24.dat '!J241)/1000000 -> 12.27142 | U20: & | V20: =('pm_24.dat '!K241)/1000000 -> 7.5019281 | W20: & | X20: =('pm_24.dat '!L241)/1000000 -> 17.47764 | Y20: & | Z20: =('pm_24.dat '!M241)/1000000 -> 5.0036509 | AA20: & | AB20: =('pm_24.dat '!N241)/1000000 -> 5.8135725 | AC20: & | AD20: =('pm_24.dat '!O241)/1000000 -> 1.657103 | AE20: & | AF20: =SUM(C20:AE20) -> 1597.3587 | AG20: \\
B21: 1996 | C21: & | D21: =('pm_24.dat '!B242)/1000000 -> 1.001e-05 | E21: & | F21: =('pm_24.dat '!C242)/1000000 -> 21.661749 | G21: & | H21: =('pm_24.dat '!D242)/1000000 -> 48.084776 | I21: & | J21: =('pm_24.dat '!E242)/1000000 -> 71.786097 | K21: & | L21: =('pm_24.dat '!F242)/1000000 -> 160.97489 | M21: & | N21: =('pm_24.dat '!G242)/1000000 -> 361.90614 | O21: & | P21: =('pm_24.dat '!H242)/1000000 -> 481.72689 | Q21: & | R21: =('pm_24.dat '!I242)/1000000 -> 184.63842 | S21: & | T21: =('pm_24.dat '!J242)/1000000 -> 33.635762 | U21: & | V21: =('pm_24.dat '!K242)/1000000 -> 13.448443 | W21: & | X21: =('pm_24.dat '!L242)/1000000 -> 7.9484999 | Y21: & | Z21: =('pm_24.dat '!M242)/1000000 -> 8.8137797 | AA21: & | AB21: =('pm_24.dat '!N242)/1000000 -> 4.3354508 | AC21: & | AD21: =('pm_24.dat '!O242)/1000000 -> 5.8345447 | AE21: & | AF21: =SUM(C21:AE21) -> 1404.7955 | AG21: \\
B22: 1997 | C22: & | D22: =('pm_24.dat '!B243)/1000000 -> 1.0306614 | E22: & | F22: =('pm_24.dat '!C243)/1000000 -> 77.692163 | G22: & | H22: =('pm_24.dat '!D243)/1000000 -> 40.326289 | I22: & | J22: =('pm_24.dat '!E243)/1000000 -> 118.97461 | K22: & | L22: =('pm_24.dat '!F243)/1000000 -> 455.13796 | M22: & | N22: =('pm_24.dat '!G243)/1000000 -> 288.95682 | O22: & | P22: =('pm_24.dat '!H243)/1000000 -> 256.37189 | Q22: & | R22: =('pm_24.dat '!I243)/1000000 -> 198.55521 | S22: & | T22: =('pm_24.dat '!J243)/1000000 -> 64.01816 | U22: & | V22: =('pm_24.dat '!K243)/1000000 -> 13.335153 | W22: & | X22: =('pm_24.dat '!L243)/1000000 -> 5.9702666 | Y22: & | Z22: =('pm_24.dat '!M243)/1000000 -> 4.6464954 | AA22: & | AB22: =('pm_24.dat '!N243)/1000000 -> 2.8947594 | AC22: & | AD22: =('pm_24.dat '!O243)/1000000 -> 4.7813159 | AE22: & | AF22: =SUM(C22:AE22) -> 1532.6917 | AG22: \\
B23: 1998 | C23: & | D23: =('pm_24.dat '!B244)/1000000 -> 0.28838788 | E23: & | F23: =('pm_24.dat '!C244)/1000000 -> 42.025191 | G23: & | H23: =('pm_24.dat '!D244)/1000000 -> 84.532244 | I23: & | J23: =('pm_24.dat '!E244)/1000000 -> 70.495498 | K23: & | L23: =('pm_24.dat '!F244)/1000000 -> 153.35472 | M23: & | N23: =('pm_24.dat '!G244)/1000000 -> 702.79224 | O23: & | P23: =('pm_24.dat '!H244)/1000000 -> 199.57019 | Q23: & | R23: =('pm_24.dat '!I244)/1000000 -> 131.72344 | S23: & | T23: =('pm_24.dat '!J244)/1000000 -> 110.74419 | U23: & | V23: =('pm_24.dat '!K244)/1000000 -> 27.795326 | W23: & | X23: =('pm_24.dat '!L244)/1000000 -> 6.1453187 | Y23: & | Z23: =('pm_24.dat '!M244)/1000000 -> 5.5648513 | AA23: & | AB23: =('pm_24.dat '!N244)/1000000 -> 2.5547893 | AC23: & | AD23: =('pm_24.dat '!O244)/1000000 -> 2.5022426 | AE23: & | AF23: =SUM(C23:AE23) -> 1540.0886 | AG23: \\
B24: 1999 | C24: & | D24: =('pm_24.dat '!B245)/1000000 -> 0.23257412 | E24: & | F24: =('pm_24.dat '!C245)/1000000 -> 10.347392 | G24: & | H24: =('pm_24.dat '!D245)/1000000 -> 298.71438 | I24: & | J24: =('pm_24.dat '!E245)/1000000 -> 225.03334 | K24: & | L24: =('pm_24.dat '!F245)/1000000 -> 103.03747 | M24: & | N24: =('pm_24.dat '!G245)/1000000 -> 157.01799 | O24: & | P24: =('pm_24.dat '!H245)/1000000 -> 469.73715 | Q24: & | R24: =('pm_24.dat '!I245)/1000000 -> 130.99845 | S24: & | T24: =('pm_24.dat '!J245)/1000000 -> 56.503034 | U24: & | V24: =('pm_24.dat '!K245)/1000000 -> 33.180523 | W24: & | X24: =('pm_24.dat '!L245)/1000000 -> 3.9600798 | Y24: & | Z24: =('pm_24.dat '!M245)/1000000 -> 2.1838427 | AA24: & | AB24: =('pm_24.dat '!N245)/1000000 -> 0.85672732 | AC24: & | AD24: =('pm_24.dat '!O245)/1000000 -> 0.47739885 | AE24: & | AF24: =SUM(C24:AE24) -> 1492.2804 | AG24: \\
B25: 2000 | C25: & | D25: =('pm_24.dat '!B246)/1000000 -> 1.001e-05 | E25: & | F25: =('pm_24.dat '!C246)/1000000 -> 16.0768 | G25: & | H25: =('pm_24.dat '!D246)/1000000 -> 82.44165 | I25: & | J25: =('pm_24.dat '!E246)/1000000 -> 428.50122 | K25: & | L25: =('pm_24.dat '!F246)/1000000 -> 346.51237 | M25: & | N25: =('pm_24.dat '!G246)/1000000 -> 106.68158 | O25: & | P25: =('pm_24.dat '!H246)/1000000 -> 168.38538 | Q25: & | R25: =('pm_24.dat '!I246)/1000000 -> 357.71595 | S25: & | T25: =('pm_24.dat '!J246)/1000000 -> 84.913329 | U25: & | V25: =('pm_24.dat '!K246)/1000000 -> 29.722614 | W25: & | X25: =('pm_24.dat '!L246)/1000000 -> 22.04549 | Y25: & | Z25: =('pm_24.dat '!M246)/1000000 -> 5.2458997 | AA25: & | AB25: =('pm_24.dat '!N246)/1000000 -> 1.4182591 | AC25: & | AD25: =('pm_24.dat '!O246)/1000000 -> 0.60884293 | AE25: & | AF25: =SUM(C25:AE25) -> 1650.2694 | AG25: \\
B26: 2001 | C26: & | D26: =('pm_24.dat '!B247)/1000000 -> 1.001e-05 | E26: & | F26: =('pm_24.dat '!C247)/1000000 -> 3.213822 | G26: & | H26: =('pm_24.dat '!D247)/1000000 -> 42.795561 | I26: & | J26: =('pm_24.dat '!E247)/1000000 -> 154.50111 | K26: & | L26: =('pm_24.dat '!F247)/1000000 -> 581.03983 | M26: & | N26: =('pm_24.dat '!G247)/1000000 -> 415.04453 | O26: & | P26: =('pm_24.dat '!H247)/1000000 -> 137.18479 | Q26: & | R26: =('pm_24.dat '!I247)/1000000 -> 129.00292 | S26: & | T26: =('pm_24.dat '!J247)/1000000 -> 157.22959 | U26: & | V26: =('pm_24.dat '!K247)/1000000 -> 57.854816 | W26: & | X26: =('pm_24.dat '!L247)/1000000 -> 33.643742 | Y26: & | Z26: =('pm_24.dat '!M247)/1000000 -> 16.205781 | AA26: & | AB26: =('pm_24.dat '!N247)/1000000 -> 5.4860372 | AC26: & | AD26: =('pm_24.dat '!O247)/1000000 -> 3.0910531 | AE26: & | AF26: =SUM(C26:AE26) -> 1736.2936 | AG26: \\
B27: 2002 | C27: & | D27: =('pm_24.dat '!B248)/1000000 -> 0.77333607 | E27: & | F27: =('pm_24.dat '!C248)/1000000 -> 47.047125 | G27: & | H27: =('pm_24.dat '!D248)/1000000 -> 108.05166 | I27: & | J27: =('pm_24.dat '!E248)/1000000 -> 217.81812 | K27: & | L27: =('pm_24.dat '!F248)/1000000 -> 287.5501 | M27: & | N27: =('pm_24.dat '!G248)/1000000 -> 606.3309 | O27: & | P27: =('pm_24.dat '!H248)/1000000 -> 267.95575 | Q27: & | R27: =('pm_24.dat '!I248)/1000000 -> 98.464239 | S27: & | T27: =('pm_24.dat '!J248)/1000000 -> 85.885591 | U27: & | V27: =('pm_24.dat '!K248)/1000000 -> 93.924689 | W27: & | X27: =('pm_24.dat '!L248)/1000000 -> 34.608141 | Y27: & | Z27: =('pm_24.dat '!M248)/1000000 -> 14.40194 | AA27: & | AB27: =('pm_24.dat '!N248)/1000000 -> 11.043776 | AC27: & | AD27: =('pm_24.dat '!O248)/1000000 -> 2.9553561 | AE27: & | AF27: =SUM(C27:AE27) -> 1876.8107 | AG27: \\
... B47: 2022 | C47: & | D47: =('pm_24.dat '!B268)/1000000 -> 1.001e-05 | E47: & | F47: =('pm_24.dat '!C268)/1000000 -> 62.263752 | G47: & | H47: =('pm_24.dat '!D268)/1000000 -> 174.4686 | I47: & | J47: =('pm_24.dat '!E268)/1000000 -> 1035.4018 | K47: & | L47: =('pm_24.dat '!F268)/1000000 -> 183.67122 | M47: & | N47: =('pm_24.dat '!G268)/1000000 -> 70.439398 | O47: & | P47: =('pm_24.dat '!H268)/1000000 -> 79.535291 | Q47: & | R47: =('pm_24.dat '!I268)/1000000 -> 141.9179 | S47: & | T47: =('pm_24.dat '!J268)/1000000 -> 81.128751 | U47: & | V47: =('pm_24.dat '!K268)/1000000 -> 16.33288 | W47: & | X47: =('pm_24.dat '!L268)/1000000 -> 11.268963 | Y47: & | Z47: =('pm_24.dat '!M268)/1000000 -> 4.0779904 | AA47: & | AB47: =('pm_24.dat '!N268)/1000000 -> 5.9643728 | AC47: & | AD47: =('pm_24.dat '!O268)/1000000 -> 1.0223297 | AE47: & | AF47: =SUM(C47:AE47) -> 1867.4932 | AG47: \\
B48: 2023 | C48: & | D48: =('pm_24.dat '!B269)/1000000 -> 0 | E48: & | F48: =('pm_24.dat '!C269)/1000000 -> 25.232199 | G48: & | H48: =('pm_24.dat '!D269)/1000000 -> 86.614446 | I48: & | J48: =('pm_24.dat '!E269)/1000000 -> 263.0228 | K48: & | L48: =('pm_24.dat '!F269)/1000000 -> 1473.0876 | M48: & | N48: =('pm_24.dat '!G269)/1000000 -> 227.24626 | O48: & | P48: =('pm_24.dat '!H269)/1000000 -> 29.365171 | Q48: & | R48: =('pm_24.dat '!I269)/1000000 -> 45.350426 | S48: & | T48: =('pm_24.dat '!J269)/1000000 -> 63.553232 | U48: & | V48: =('pm_24.dat '!K269)/1000000 -> 42.627309 | W48: & | X48: =('pm_24.dat '!L269)/1000000 -> 18.819885 | Y48: & | Z48: =('pm_24.dat '!M269)/1000000 -> 5.4271903 | AA48: & | AB48: =('pm_24.dat '!N269)/1000000 -> 8.5621653 | AC48: & | AD48: =('pm_24.dat '!O269)/1000000 -> 2.6005533 | AE48: & | AF48: =SUM(C48:AE48) -> 2291.5092 | AG48: \\ | AI48: 1000000
B49: \hline
B50: Mean | C50: & | D50: =AVERAGE(D4:D48) -> 3.4468292 | E50: & | F50: =AVERAGE(F4:F48) -> 57.303767 | G50: & | H50: =AVERAGE(H4:H48) -> 215.91836 | I50: & | J50: =AVERAGE(J4:J48) -> 367.20209 | K50: & | L50: =AVERAGE(L4:L48) -> 409.83572 | M50: & | N50: =AVERAGE(N4:N48) -> 331.00362 | O50: & | P50: =AVERAGE(P4:P48) -> 213.06983 | Q50: & | R50: =AVERAGE(R4:R48) -> 116.34738 | S50: & | T50: =AVERAGE(T4:T48) -> 65.082144 | U50: & | V50: =AVERAGE(V4:V48) -> 33.250005 | W50: & | X50: =AVERAGE(X4:X48) -> 22.092932 | Y50: & | Z50: =AVERAGE(Z4:Z48) -> 10.827128 | AA50: & | AB50: =AVERAGE(AB4:AB48) -> 7.4997028 | AC50: & | AD50: =AVERAGE(AD4:AD48) -> 5.057912 | AE50: & | AF50: =AVERAGE(AF4:AF48) -> 1857.7076 | AG50: \\

Sheet AVO24
B2: Year | C2: Total backscatter | E2: 95% CI | F2: Relative estimation error (CVAVO)
C3: (million m^2)
B5: 2009 | C5: 0.6951 | E5: =(C5*1.96)*F5 -> 0.16644934 | F5: 0.12217398 | H5: =RANK(C5,$C$5:$C$17) -> 13
B6: 2010 | C6: 1.9218 | E6: =(C6*1.96)*F6 -> 0.24713509 | F6: 0.065610019 | H6: =RANK(C6,$C$5:$C$17) -> 11
B7: 2012 | C7: 1.5206 | E7: =(C7*1.96)*F7 -> 0.15870185 | F7: 0.053248937 | H7: =RANK(C7,$C$5:$C$17) -> 12
B8: 2014 | C8: 3.0769 | E8: =(C8*1.96)*F8 -> 0.24758423 | F8: 0.041053816 | H8: =RANK(C8,$C$5:$C$17) -> 2
B9: 2015 | C9: 3.5927 | E9: =(C9*1.96)*F9 -> 0.17334535 | F9: 0.024617003 | H9: =RANK(C9,$C$5:$C$17) -> 1
B10: 2016 | C10: 2.8319 | E10: =(C10*1.96)*F10 -> 0.16175451 | F10: 0.029142206 | H10: =RANK(C10,$C$5:$C$17) -> 4
B11: 2017 | C11: 2.263 | E11: =(C11*1.96)*F11 -> 0.13542634 | F11: 0.03053251 | H11: =RANK(C11,$C$5:$C$17) -> 8
B12: 2018 | C12: 2.0841 | E12: =(C12*1.96)*F12 -> 0.10878871 | F12: 0.026632333 | H12: =RANK(C12,$C$5:$C$17) -> 9
B13: 2019 | C13: 2.8292 | E13: =(C13*1.96)*F13 -> 0.27111576 | F13: 0.048891689 | H13: =RANK(C13,$C$5:$C$17) -> 5
B14: 2021 | C14: 2.4101 | E14: =(C14*1.96)*F14 -> 0.22611451 | F14: 0.047867121 | H14: =RANK(C14,$C$5:$C$17) -> 7
B15: 2022 | C15: 2.9031 | E15: =(C15*1.96)*F15 -> 0.19404953 | F15: 0.034103152 | H15: =RANK(C15,$C$5:$C$17) -> 3
B16: 2023 | C16: 2.481 | E16: =(C16*1.96)*F16 -> 0.14308964 | F16: 0.029425602 | H16: =RANK(C16,$C$5:$C$17) -> 6 | J16: =F16*C16 -> 0.073004919
B17: 2024 | C17: 2.0070096 | E17: =(C17*1.96)*F17 -> 0.10701965 | F17: 0.02720558 | H17: =RANK(C17,$C$5:$C$17) -> 10 | J17: =F17*C17 -> 0.05460186
J18: =J17/J16 -> 0.74792029
E23: last year | H23: =I28/J28 -> 4.593515
E24: #ob_avo | F24: #ob_avo_std | K24: Final series used for 2024
B25: #yrs_avo | D25: 2006 | E25: 1.7414761 | F25: 0.40797433 | I25: =F25/E25 -> 0.23426927 | K25: 2006 | L25: =E25 -> 1.7414761 | M25: =I25*E25 -> 0.40797433
D26: 2007 | E26: 2.0019131 | F26: 0.79543824 | I26: =F26/E26 -> 0.39733905 | K26: 2007 | L26: =E26 -> 2.0019131 | M26: =I26*E26 -> 0.79543824
D27: 2008 | E27: 0.99154315 | F27: 0.29286518 | I27: =F27/E27 -> 0.29536302 | K27: 2008 | L27: =E27 -> 0.99154315 | M27: =I27*E27 -> 0.29286518
D28: 2009 | E28: 0.6951 | F28: 0.39009569 | G28: 0.6951 | H28: =$H$23*J28 -> 0.56120801 | I28: =F28/E28 -> 0.56120801 | J28: =F5 -> 0.12217398 | K28: 2009 | L28: =G28 -> 0.6951 | M28: =I28*E28 -> 0.39009569
D29: 2010 | E29: 1.9218 | F29: 0.57919325 | G29: 1.9218 | H29: =$H$23*J29 -> 0.30138061 | I29: =F29/E29 -> 0.30138061 | J29: =F6 -> 0.065610019 | K29: 2010 | L29: =G29 -> 1.9218 | M29: =I29*E29 -> 0.57919325
D30: 2011 | E30: 1.7038226 | F30: 0.44767778 | I30: =F30/E30 -> 0.26274906 | K30: 2011 | L30: 1.7038226 | M30: =I30*E30 -> 0.44767778
D31: 2012 | E31: 1.5206 | F31: 0.37193845 | G31: 1.5206 | H31: =$H$23*J31 -> 0.24459979 | I31: =F31/E31 -> 0.24459979 | J31: =F7 -> 0.053248937 | K31: 2012 | L31: =G31 -> 1.5206 | M31: =I31*E31 -> 0.37193845
D32: 2013 | E32: 2.1776296 | F32: 0.39011599 | I32: =F32/E32 -> 0.17914709 | K32: 2013 | L32: 2.1776296 | M32: =I32*E32 -> 0.39011599
D33: 2014 | E33: 3.0769 | F33: 0.58024587 | G33: 3.0769 | H33: =$H$23*J33 -> 0.18858132 | I33: =F33/E33 -> 0.18858132 | J33: =F8 -> 0.041053816 | K33: 2014 | L33: =G33 -> 3.0769 | M33: =I33*E33 -> 0.58024587
D34: 2015 | E34: 3.5927 | F34: 0.40625739 | G34: 3.5927 | H34: =$H$23*J34 -> 0.11307857 | I34: =F34/E34 -> 0.11307857 | J34: =F9 -> 0.024617003 | K34: 2015 | L34: =G34 -> 3.5927 | M34: =I34*E34 -> 0.40625739
D35: 2016 | E35: 2.8319 | F35: 0.37909275 | G35: 2.8319 | H35: =$H$23*J35 -> 0.13386516 | I35: =F35/E35 -> 0.13386516 | J35: =F10 -> 0.029142206 | K35: 2016 | L35: =G35 -> 2.8319 | M35: =I35*E35 -> 0.37909275
D36: 2017 | E36: 2.263 | F36: 0.31738925 | G36: 2.263 | H36: =$H$23*J36 -> 0.14025154 | I36: =F36/E36 -> 0.14025154 | J36: =F11 -> 0.03053251 | K36: 2017 | L36: =G36 -> 2.263 | M36: =I36*E36 -> 0.31738925
D37: 2018 | E37: 2.0841 | F37: 0.2549605 | G37: 2.0841 | H37: =$H$23*J37 -> 0.12233602 | I37: =F37/E37 -> 0.12233602 | J37: =F12 -> 0.026632333 | K37: 2018 | L37: =G37 -> 2.0841 | M37: =I37*E37 -> 0.2549605
D38: 2019 | E38: 2.8292 | F38: 0.63539506 | G38: 2.8292 | H38: =$H$23*J38 -> 0.22458471 | I38: =F38/E38 -> 0.22458471 | J38: =F13 -> 0.048891689 | K38: 2019 | L38: =G38 -> 2.8292 | M38: =I38*E38 -> 0.63539506
D39: 2021 | E39: 2.4101 | F39: 0.52992878 | G39: 2.4101 | H39: =$H$23*J39 -> 0.21987834 | I39: =F39/E39 -> 0.21987834 | J39: =F14 -> 0.047867121 | K39: 2021 | L39: =G39 -> 2.4101 | M39: =I39*E39 -> 0.52992878
D40: 2022 | E40: 2.9031 | F40: 0.45478032 | G40: 2.9031 | H40: =$H$23*J40 -> 0.15665334 | I40: =F40/E40 -> 0.15665334 | J40: =F15 -> 0.034103152 | K40: 2022 | L40: =G40 -> 2.9031 | M40: =I40*E40 -> 0.45478032
D41: 2023 | E41: 2.481 | F41: 0.33534919 | G41: 2.481 | H41: =$H$23*J41 -> 0.13516695 | I41: =F41/E41 -> 0.13516695 | J41: =F16 -> 0.029425602 | K41: 2023 | L41: =G41 -> 2.481 | M41: =I41*E41 -> 0.33534919
D42: 2024 | E42: =C17 -> 2.0070096 | F42: =J18*F41 -> 0.25081447 | G42: 2.0070096 | H42: =$H$23*J42 -> 0.12496924 | I42: =F42/E42 -> 0.12496924 | J42: =F17 -> 0.02720558 | K42: 2024 | L42: =G42 -> 2.0070096 | M42: =I42*L42 -> 0.25081447
E46: {=TRANSPOSE(K25:K42)} -> 2006 | F46: 2007 | G46: 2008 | H46: 2009 | I46: 2010 | J46: 2011 | K46: 2012 | L46: 2013 | M46: 2014 | N46: 2015 | O46: 2016 | P46: 2017 | Q46: 2018 | R46: 2019 | S46: 2021 | T46: 2022 | U46: 2023 | V46: 2024
E48: {=TRANSPOSE(L25:L42)} -> 1.7414761 | F48: 2.0019131 | G48: 0.99154315 | H48: 0.6951 | I48: 1.9218 | J48: 1.7038226 | K48: 1.5206 | L48: 2.1776296 | M48: 3.0769 | N48: 3.5927 | O48: 2.8319 | P48: 2.263 | Q48: 2.0841 | R48: 2.8292 | S48: 2.4101 | T48: 2.9031 | U48: 2.481 | V48: 2.0070096
E50: {=TRANSPOSE(M25:M42)} -> 0.40797433 | F50: 0.79543824 | G50: 0.29286518 | H50: 0.39009569 | I50: 0.57919325 | J50: 0.44767778 | K50: 0.37193845 | L50: 0.39011599 | M50: 0.58024587 | N50: 0.40625739 | O50: 0.37909275 | P50: 0.31738925 | Q50: 0.2549605 | R50: 0.63539506 | S50: 0.52992878 | T50: 0.45478032 | U50: 0.33534919 | V50: 0.25081447
E54: 2006 | F54: & | G54: 1.8729 | H54: & | I54: 1.741 | J54: & | K54: 0.051 | L54: & | M54: 23 | N54: \\
E55: 2007 | F55: & | G55: 2.2779 | H55: & | I55: 2.002 | J55: & | K55: 0.0865 | L55: & | M55: 40 | N55: \\
E56: 2008 | F56: & | G56: 1.4056 | H56: & | I56: 0.992 | J56: & | K56: 0.0643 | L56: & | M56: 30 | N56: \\
E57: 2009 | F57: & | G57: 1.3248 | H57: & | I57: 0.695 | J57: & | K57: 0.1222 | L57: & | M57: 56 | N57: \\
E58: 2010 | F58: & | G58: 2.6423 | H58: & | I58: 1.922 | J58: & | K58: 0.0656 | L58: & | M58: 30 | N58: \\
E59: 2011 | F59: & | G59: $-no\, | H59: survey-$ | I59: 1.704 | J59: & | K59: 0.0572 | L59: & | M59: 26 | N59: \\ | O59: \\
E60: 2012 | F60: & | G60: 2.2958 | H60: & | I60: 1.521 | J60: & | K60: 0.0532 | L60: & | M60: 24 | N60: \\
E61: 2013 | F61: & | G61: $-no\, | H61: survey-$ | I61: 2.178 | J61: & | K61: 0.039 | L61: & | M61: 18 | N61: \\ | O61: \\
E62: 2014 | F62: & | G62: 4.73 | H62: & | I62: 3.077 | J62: & | K62: 0.0411 | L62: & | M62: 19 | N62: \\
E63: 2015 | F63: & | G63: $-no\, | H63: survey-$ | I63: 3.593 | J63: & | K63: 0.0246 | L63: & | M63: 11 | N63: \\ | O63: \\
E64: 2016 | F64: & | G64: 4.829 | H64: & | I64: 2.832 | J64: & | K64: 0.0291 | L64: & | M64: 13 | N64: \\
E65: 2017 | F65: & | G65: $-no\, | H65: survey-$ | I65: 2.263 | J65: & | K65: 0.0305 | L65: & | M65: 14 | N65: \\ | O65: \\
E66: 2018 | F66: & | G66: 2.4994 | H66: & | I66: 2.084 | J66: & | K66: 0.0266 | L66: & | M66: 12 | N66: \\
E67: 2019 | F67: & | G67: $-no\, | H67: survey-$ | I67: 2.829 | J67: & | K67: 0.0489 | L67: & | M67: 22 | N67: \\ | O67: \\
E68: 2020 | F68: & | G68: 3.62 | H68: & | I68: & | J68: & | K68: \\
E69: 2021 | F69: & | G69: $-no\, | H69: survey-$ | I69: 2.41 | J69: & | K69: 0.0479 | L69: & | M69: 22 | N69: \\ | O69: \\
E70: 2022 | F70: & | G70: 3.834 | H70: & | I70: 2.903 | J70: & | K70: 0.0341 | L70: & | M70: 16 | N70: \\
E71: 2023 | F71: & | G71: $-no\, | H71: survey-$ | I71: 2.481 | J71: & | K71: 0.0294 | L71: & | M71: 14 | N71: \\ | O71: \\
E72: 2024 | F72: & | G72: 2.87 | H72: & | I72: 2.007 | J72: & | K72: 0.0272 | L72: & | M72: 13 | N72: \\
E73: \hline
E74: Mean | F74: & | G74: =AVERAGE(G54:G72) -> 2.8501417 | H74: & | I74: =AVERAGE(I54:I72) -> 2.1796667 | J74: =AVERAGE(J54:J72) -> #DIV/0! | K74: =AVERAGE(K54:K72) -> 0.0488 | L74: & | M74: =AVERAGE(M54:M72) -> 22.388889 | N74: \\

Sheet urmy pm_24db
B1: #styr
B2: 1964
B3: #styr_bts
B4: 1982
B5: #styr_ats
B6: 1994
B7: #endyr
B8: 2024
B9: #recage
B10: 1
B11: #nages
B12: 15
B13: #p_mature
B14: 0 | C14: 0.008 | D14: 0.289 | E14: 0.641 | F14: 0.842 | G14: 0.901 | H14: 0.947 | I14: 0.963 | J14: 0.97 | K14: 1 | L14: 1 | M14: 1 | N14: 1 | O14: 1 | P14: 1
B15: #ew_ind
B16: 8 | C16: 7 | D16: 2 | E16: 9 | F16: 7 | G16: 7 | H16: 7 | I16: 7 | J16: 8 | K16: 6 | L16: 5 | M16: 7 | N16: 8 | O16: 8 | P16: 7 | Q16: 5 | R16: 4 | S16: 6 | T16: 7 | U16: 8 | V16: 3 | W16: 7 | X16: 7 | Y16: 7 | Z16: 7 | AA16: 8 | AB16: 4 | AC16: 6 | AD16: 2 | AE16: 1 | AF16: 6 | AG16: 6 | AH16: 4 | AI16: 4 | AJ16: 10 | AK16: 4 | AL16: 4 | AM16: 4 | AN16: 4 | AO16: 4 | AP16: 4 | AQ16: 4 | AR16: 4 | AS16: 4 | AT16: 4 | AU16: 4 | AV16: 4 | AW16: 4 | AX16: 4 | AY16: 4 | AZ16: 4 | BA16: 4 | BB16: 4 | BC16: 4 | BD16: 4 | BE16: 4 | BF16: 4 | BG16: 4 | BH16: 4 | BI16: 4 | BJ16: 4
B17: 5 | C17: 6 | D17: 6 | E17: 8 | F17: 5 | G17: 8 | H17: 5 | I17: 4 | J17: 8 | K17: 4 | L17: 5 | M17: 5 | N17: 6 | O17: 5 | P17: 8 | Q17: 11 | R17: 6 | S17: 7 | T17: 9 | U17: 10 | V17: 4 | W17: 4 | X17: 6 | Y17: 5 | Z17: 7 | AA17: 9 | AB17: 5 | AC17: 7 | AD17: 3 | AE17: 5 | AF17: 3 | AG17: 5 | AH17: 4 | AI17: 6 | AJ17: 11 | AK17: 4 | AL17: 4 | AM17: 4 | AN17: 4 | AO17: 4 | AP17: 4 | AQ17: 4 | AR17: 4 | AS17: 4 | AT17: 4 | AU17: 4 | AV17: 4 | AW17: 4 | AX17: 4 | AY17: 4 | AZ17: 4 | BA17: 4 | BB17: 4 | BC17: 4 | BD17: 4 | BE17: 4 | BF17: 4 | BG17: 4 | BH17: 4 | BI17: 4 | BJ17: 4
B18: #wt_fsh
B19: 0.0066 | C19: 0.17 | D19: 0.303 | E19: 0.447 | F19: 0.589 | G19: 0.722 | H19: 0.84 | I19: 0.942 | J19: 1.029 | K19: 1.102 | L19: 1.163 | M19: 1.212 | N19: 1.253 | O19: 1.286 | P19: 1.312
B20: 0.0066 | C20: 0.17 | D20: 0.303 | E20: 0.447 | F20: 0.589 | G20: 0.722 | H20: 0.84 | I20: 0.942 | J20: 1.029 | K20: 1.102 | L20: 1.163 | M20: 1.212 | N20: 1.253 | O20: 1.286 | P20: 1.312
B21: 0.0066 | C21: 0.17 | D21: 0.303 | E21: 0.447 | F21: 0.589 | G21: 0.722 | H21: 0.84 | I21: 0.942 | J21: 1.029 | K21: 1.102 | L21: 1.163 | M21: 1.212 | N21: 1.253 | O21: 1.286 | P21: 1.312
B22: 0.0066 | C22: 0.17 | D22: 0.303 | E22: 0.447 | F22: 0.589 | G22: 0.722 | H22: 0.84 | I22: 0.942 | J22: 1.029 | K22: 1.102 | L22: 1.163 | M22: 1.212 | N22: 1.253 | O22: 1.286 | P22: 1.312
B23: 0.0066 | C23: 0.17 | D23: 0.303 | E23: 0.447 | F23: 0.589 | G23: 0.722 | H23: 0.84 | I23: 0.942 | J23: 1.029 | K23: 1.102 | L23: 1.163 | M23: 1.212 | N23: 1.253 | O23: 1.286 | P23: 1.312
B24: 0.0066 | C24: 0.17 | D24: 0.303 | E24: 0.447 | F24: 0.589 | G24: 0.722 | H24: 0.84 | I24: 0.942 | J24: 1.029 | K24: 1.102 | L24: 1.163 | M24: 1.212 | N24: 1.253 | O24: 1.286 | P24: 1.312
B25: 0.0066 | C25: 0.17 | D25: 0.303 | E25: 0.447 | F25: 0.589 | G25: 0.722 | H25: 0.84 | I25: 0.942 | J25: 1.029 | K25: 1.102 | L25: 1.163 | M25: 1.212 | N25: 1.253 | O25: 1.286 | P25: 1.312
B26: 0.0066 | C26: 0.17 | D26: 0.303 | E26: 0.447 | F26: 0.589 | G26: 0.722 | H26: 0.84 | I26: 0.942 | J26: 1.029 | K26: 1.102 | L26: 1.163 | M26: 1.212 | N26: 1.253 | O26: 1.286 | P26: 1.312
B27: 0.0066 | C27: 0.17 | D27: 0.303 | E27: 0.447 | F27: 0.589 | G27: 0.722 | H27: 0.84 | I27: 0.942 | J27: 1.029 | K27: 1.102 | L27: 1.163 | M27: 1.212 | N27: 1.253 | O27: 1.286 | P27: 1.312
B28: 0.0066 | C28: 0.17 | D28: 0.303 | E28: 0.447 | F28: 0.589 | G28: 0.722 | H28: 0.84 | I28: 0.942 | J28: 1.029 | K28: 1.102 | L28: 1.163 | M28: 1.212 | N28: 1.253 | O28: 1.286 | P28: 1.312
B29: 0.0066 | C29: 0.17 | D29: 0.303 | E29: 0.447 | F29: 0.589 | G29: 0.722 | H29: 0.84 | I29: 0.942 | J29: 1.029 | K29: 1.102 | L29: 1.163 | M29: 1.212 | N29: 1.253 | O29: 1.286 | P29: 1.312
B30: 0.0066 | C30: 0.17 | D30: 0.303 | E30: 0.447 | F30: 0.589 | G30: 0.722 | H30: 0.84 | I30: 0.942 | J30: 1.029 | K30: 1.102 | L30: 1.163 | M30: 1.212 | N30: 1.253 | O30: 1.286 | P30: 1.312
... B79: 0.025182262 | C79: 0.18622176 | D79: 0.401336 | E79: 0.667373 | F79: 0.662504 | G79: 0.719546 | H79: 0.790729 | I79: 0.905068 | J79: 1.009136 | K79: 1.061077 | L79: 1.138288 | M79: 1.257056 | N79: 1.267343 | O79: 1.289913 | P79: 1.368254
B80: #wt_ssb
B81: 0.084881666 | C81: 0.19586813 | D81: 0.31376279 | E81: 0.45929554 | F81: 0.5886236 | G81: 0.69781833 | H81: 0.79679874 | I81: 0.91486126 | J81: 1.056957 | K81: 1.1472315 | L81: 1.2901065 | M81: 1.3879179 | N81: 1.4316668 | O81: 1.4070027 | P81: 1.5228669
B82: 0.084881666 | C82: 0.19586813 | D82: 0.31376279 | E82: 0.45929554 | F82: 0.5886236 | G82: 0.69781833 | H82: 0.79679874 | I82: 0.91486126 | J82: 1.056957 | K82: 1.1472315 | L82: 1.2901065 | M82: 1.3879179 | N82: 1.4316668 | O82: 1.4070027 | P82: 1.5228669
B83: 0.084881666 | C83: 0.19586813 | D83: 0.31376279 | E83: 0.45929554 | F83: 0.5886236 | G83: 0.69781833 | H83: 0.79679874 | I83: 0.91486126 | J83: 1.056957 | K83: 1.1472315 | L83: 1.2901065 | M83: 1.3879179 | N83: 1.4316668 | O83: 1.4070027 | P83: 1.5228669
B84: 0.084881666 | C84: 0.19586813 | D84: 0.31376279 | E84: 0.45929554 | F84: 0.5886236 | G84: 0.69781833 | H84: 0.79679874 | I84: 0.91486126 | J84: 1.056957 | K84: 1.1472315 | L84: 1.2901065 | M84: 1.3879179 | N84: 1.4316668 | O84: 1.4070027 | P84: 1.5228669
B85: 0.084881666 | C85: 0.19586813 | D85: 0.31376279 | E85: 0.45929554 | F85: 0.5886236 | G85: 0.69781833 | H85: 0.79679874 | I85: 0.91486126 | J85: 1.056957 | K85: 1.1472315 | L85: 1.2901065 | M85: 1.3879179 | N85: 1.4316668 | O85: 1.4070027 | P85: 1.5228669
B86: 0.084881666 | C86: 0.19586813 | D86: 0.31376279 | E86: 0.45929554 | F86: 0.5886236 | G86: 0.69781833 | H86: 0.79679874 | I86: 0.91486126 | J86: 1.056957 | K86: 1.1472315 | L86: 1.2901065 | M86: 1.3879179 | N86: 1.4316668 | O86: 1.4070027 | P86: 1.5228669
B87: 0.084881666 | C87: 0.19586813 | D87: 0.311072 | E87: 0.427458 | F87: 0.55009 | G87: 0.674562 | H87: 0.797415 | I87: 0.916081 | J87: 1.028772 | K87: 1.134344 | L87: 1.232157 | M87: 1.321963 | N87: 1.403799 | O87: 1.477905 | P87: 1.544656
B88: 0.084881666 | C88: 0.19586813 | D88: 0.307228 | E88: 0.452313 | F88: 0.576279 | G88: 0.701144 | H88: 0.82365 | I88: 0.941422 | J88: 1.052838 | K88: 1.156889 | L88: 1.253046 | M88: 1.341142 | N88: 1.421276 | O88: 1.49373 | P88: 1.558912
B89: 0.084881666 | C89: 0.19586813 | D89: 0.321568 | E89: 0.433307 | F89: 0.585158 | G89: 0.711117 | H89: 0.834228 | I89: 0.952199 | J89: 1.063499 | K89: 1.167202 | L89: 1.262849 | M89: 1.350331 | N89: 1.429793 | O89: 1.501553 | P89: 1.566041
B90: 0.084881666 | C90: 0.19586813 | D90: 0.313585 | E90: 0.464989 | F90: 0.584425 | G90: 0.738544 | H90: 0.862507 | I90: 0.980459 | J90: 1.091068 | K90: 1.193594 | L90: 1.287737 | M90: 1.373516 | N90: 1.451177 | O90: 1.521113 | P90: 1.58381
B91: 0.084881666 | C91: 0.19586813 | D91: 0.329852 | E91: 0.457189 | F91: 0.6163 | G91: 0.738007 | H91: 0.890127 | I91: 1.008925 | J91: 1.119505 | K91: 1.221329 | L91: 1.314283 | M91: 1.398545 | N91: 1.47449 | O91: 1.542613 | P91: 1.603475
B92: 0.084881666 | C92: 0.19586813 | D92: 0.298991 | E92: 0.579313 | F92: 0.720039 | G92: 0.883094 | H92: 1.001329 | I92: 1.144476 | J92: 1.250469 | K92: 1.345787 | L92: 1.430982 | M92: 1.506773 | N92: 1.573952 | O92: 1.633328 | P92: 1.685689
... B141: 0.084881666 | C141: 0.19586813 | D141: 0.321552 | E141: 0.533944 | F141: 0.620779 | G141: 0.7071 | H141: 0.822196 | I141: 0.945909 | J141: 1.051203 | K141: 1.113381 | L141: 1.178451 | M141: 1.290019 | N141: 1.331542 | O141: 1.366739 | P141: 1.415238
B142: #obs_catch
B143: 174.792 | C143: 230.551 | D143: 261.678 | E143: 550.362 | F143: 702.181 | G143: 862.789 | H143: 1256.565 | I143: 1743.763 | J143: 1874.534 | K143: 1758.919 | L143: 1588.39 | M143: 1356.736 | N143: 1177.822 | O143: 978.37 | P143: 979.431 | Q143: 935.714 | R143: 958.28 | S143: 973.502 | T143: 955.964 | U143: 981.45 | V143: 1092.055 | W143: 1139.676 | X143: 1141.993 | Y143: 859.416 | Z143: 1228.721 | AA143: 1229.6 | AB143: 1455.193 | AC143: 1195.6639 | AD143: 1390.3092 | AE143: 1326.609 | AF143: 1329.3731 | AG143: 1264.2469 | AH143: 1192.7811 | AI143: 1124.4331 | AJ143: 1102.1591 | AK143: 989.68031 | AL143: 1132.7098 | AM143: 1387.197 | AN143: 1480.7761 | AO143: 1490.7792 | AP143: 1480.5517 | AQ143: 1483.0218 | AR143: 1488.031 | AS143: 1354.5018 | AT143: 990.57807 | AU143: 810.78435 | AV143: 810.18591 | AW143: 1199.0406 | AX143: 1205.2219 | AY143: 1270.7705 | AZ143: 1297.4223 | BA143: 1321.5838 | BB143: 1352.6808 | BC143: 1359.1821 | BD143: 1379.2873 | BE143: 1409.3371 | BF143: 1367.229 | BG143: 1376.2576 | BH143: 1105.4187 | BI143: 1310.7156 | BJ143: 1300
B144: #obs_effort
B145: 0.56385 | C145: 0.38425 | D145: 0.35362 | E145: 0.67946 | F145: 0.62695 | G145: 0.60335 | H145: 1.03848 | I145: 1.55693 | J145: 1.5365 | K145: 1.72443 | L145: 1.57266 | M145: 1.49092 | N145: 1.28024 | O145: 1.5269467 | P145: 1.5219494 | Q145: 1.5195244 | R145: 1.4853734 | S145: 1.4853734 | T145: 1.4853734 | U145: 1.4853734 | V145: 1.4853734 | W145: 1.4853734 | X145: 1.4853734 | Y145: 1.4853734 | Z145: 1.4853734 | AA145: 1.4853734 | AB145: 1.4853734 | AC145: 1.4853734 | AD145: 1.4853734 | AE145: 1.4853734 | AF145: 1.4853734 | AG145: 1.4853734 | AH145: 1.4853734 | AI145: 1.4853734 | AJ145: 1.4853734 | AK145: 1.4853734 | AL145: 1.4853734 | AM145: 1.4853734 | AN145: 1.4853734 | AO145: 1.5 | AP145: 1.5 | AQ145: 1.5 | AR145: 1.5 | AS145: 1.5 | AT145: 1.5 | AU145: 1.5 | AV145: 1.5 | AW145: 1.5 | AX145: 1.5 | AY145: 1.5 | AZ145: 1.5 | BA145: 1.5 | BB145: 1.5 | BC145: 1.5 | BD145: 1.5 | BE145: 1.5 | BF145: 1.5 | BG145: 1.5 | BH145: 1.5 | BI145: 1.4 | BJ145: 1.4
B146: #n_cpue
B147: 12
B148: #yrs_cpue
B149: 1965 | C149: 1966 | D149: 1967 | E149: 1968 | F149: 1969 | G149: 1970 | H149: 1971 | I149: 1972 | J149: 1973 | K149: 1974 | L149: 1975 | M149: 1976
B150: #obs_cpue
B151: 2816.4374 | C151: 3473.5805 | D151: 3802.1699 | E151: 5257.3046 | F151: 6712.4684 | G151: 5679.8098 | H151: 5257.3313 | I151: 5726.7435 | J151: 4787.9239 | K151: 4740.9926 | L151: 4271.5745 | M151: 4318.5231
B152: #obs_cpue_std
B153: 563.28749 | C153: 694.71609 | D153: 760.43398 | E153: 1051.4609 | F153: 1342.4937 | G153: 1135.962 | H153: 1051.4663 | I153: 1145.3487 | J153: 957.58479 | K153: 948.19852 | L153: 854.31489 | M153: 863.70461
B154: #n_avo
B155: 18
B156: #yrs_avo
B157: 2006 | C157: 2007 | D157: 2008 | E157: 2009 | F157: 2010 | G157: 2011 | H157: 2012 | I157: 2013 | J157: 2014 | K157: 2015 | L157: 2016 | M157: 2017 | N157: 2018 | O157: 2019 | P157: 2021 | Q157: 2022 | R157: 2023 | S157: 2024
B158: #ob_avo
B159: 1.7414761 | C159: 2.0019131 | D159: 0.99154315 | E159: 0.6951 | F159: 1.9218 | G159: 1.7038226 | H159: 1.5206 | I159: 2.1776296 | J159: 3.0769 | K159: 3.5927 | L159: 2.8319 | M159: 2.263 | N159: 2.0841 | O159: 2.8292 | P159: 2.4101 | Q159: 2.9031 | R159: 2.481 | S159: 2.0070096
B160: #ob_avo_std
B161: 0.40797433 | C161: 0.79543824 | D161: 0.29286518 | E161: 0.39009569 | F161: 0.57919325 | G161: 0.44767778 | H161: 0.37193845 | I161: 0.39011599 | J161: 0.58024587 | K161: 0.40625739 | L161: 0.37909275 | M161: 0.31738924 | N161: 0.2549605 | O161: 0.63539506 | P161: 0.52992878 | Q161: 0.45478032 | R161: 0.33534919 | S161: 0.25081446
B162: #wt_avo
B163: 0.019380752 | C163: 0.10145982 | D163: 0.24414475 | E163: 0.37814567 | F163: 0.52699223 | G163: 0.65206661 | H163: 0.76360385 | I163: 0.84666802 | J163: 0.93351983 | K163: 0.97143749 | L163: 1.0011509 | M163: 1.1495347 | N163: 1.2116872 | O163: 1.2810498 | P163: 1.1799178
B164: 0.018495649 | C164: 0.087193364 | D164: 0.27924741 | E164: 0.43718783 | F164: 0.5824888 | G164: 0.6866324 | H164: 0.78823632 | I164: 0.87099973 | J164: 0.97010019 | K164: 1.1027085 | L164: 1.1056715 | M164: 1.2369484 | N164: 1.2354868 | O164: 1.7494603 | P164: 1.2306266
B165: 0.022553568 | C165: 0.083533376 | D165: 0.21397106 | E165: 0.40660791 | F165: 0.57580061 | G165: 0.68906324 | H165: 0.80522349 | I165: 0.98197085 | J165: 0.96832022 | K165: 1.2625576 | L165: 1.2472124 | M165: 1.246649 | N165: 1.3897058 | O165: 1.6380327 | P165: 1.2469683
B166: 0.020319991 | C166: 0.10850146 | D166: 0.24195862 | E166: 0.4164507 | F166: 0.64661925 | G166: 0.78533266 | H166: 0.95014345 | I166: 1.0306216 | J166: 1.0640246 | K166: 1.3283555 | L166: 1.3265419 | M166: 1.5470371 | N166: 1.5565859 | O166: 1.5368162 | P166: 1.743716
B167: 0.031689084 | C167: 0.11734315 | D167: 0.22125759 | E167: 0.44114834 | F167: 0.56523318 | G167: 0.72191307 | H167: 0.93679944 | I167: 1.3365649 | J167: 1.5744842 | K167: 1.6224372 | L167: 1.6925292 | M167: 1.8953568 | N167: 1.9269976 | O167: 1.9414515 | P167: 1.9617744
B168: 0.029375575 | C168: 0.1066314 | D168: 0.20897274 | E168: 0.40841346 | F168: 0.54885838 | G168: 0.7058609 | H168: 0.88746962 | I168: 1.132474 | J168: 1.4220403 | K168: 1.4447743 | L168: 1.5104186 | M168: 1.6415488 | N168: 1.6941675 | O168: 1.8530975 | P168: 1.8597176
B169: 0.027062065 | C169: 0.095919642 | D169: 0.19668789 | E169: 0.37567858 | F169: 0.53248357 | G169: 0.68980873 | H169: 0.8381398 | I169: 0.92838322 | J169: 1.2695964 | K169: 1.2671114 | L169: 1.3283081 | M169: 1.3877408 | N169: 1.4613373 | O169: 1.7647434 | P169: 1.7576609
B170: 0.029375575 | C170: 0.1066314 | D170: 0.20897274 | E170: 0.40841346 | F170: 0.54885838 | G170: 0.7058609 | H170: 0.88746962 | I170: 1.132474 | J170: 1.4220403 | K170: 1.4447743 | L170: 1.5104186 | M170: 1.6415488 | N170: 1.6941675 | O170: 1.8530975 | P170: 1.8597176
B171: 0.025225422 | C171: 0.13456104 | D171: 0.22362502 | E171: 0.39429725 | F171: 0.54727595 | G171: 0.69453373 | H171: 0.76282846 | I171: 0.99709786 | J171: 1.1420141 | K171: 1.2663643 | L171: 1.4441065 | M171: 1.7110011 | N171: 1.9030163 | O171: 1.7945568 | P171: 1.7766869
B172: 0.022663922 | C172: 0.076370721 | D172: 0.20628749 | E172: 0.38888217 | F172: 0.57437084 | G172: 0.62703836 | H172: 0.80576405 | I172: 0.94094099 | J172: 1.0459384 | K172: 1.0655101 | L172: 1.305556 | M172: 1.6099145 | N172: 1.4115746 | O172: 1.611457 | P172: 2.2200154
